Wavelength,312,313,314,315,316,317,318,319,320,321,322,323,324,325,326,327,328,329,330,331,332,333,334,335,336,337,338,339,340,341,342,343,344,345,346,347,348,349,350,351,352,353,354,355,356,357,358,359,360,361,362,363,364,365,366,367,368,369,370,371,372,373,374,375,376,377,378,379,380,381,382,383,384,385,386,387,388,389,390,391,392,393,394,395,396,397,398,399,400,401,402,403,404,405,406,407,408,409,410,411,412,413,414,415,416,417,418,419,420,421,422,423,424,425,426,427,428,429,430,431,432,433,434,435,436,437,438,439,440,441,442,443,444,445,446,447,448,449,450,451,452,453,454,455,456,457,458,459,460,461,462,463,464,465,466,467,468,469,470,471,472,473,474,475,476,477,478,479,480,481,482,483,484,485,486,487,488,489,490,491,492,493,494,495,496,497,498,499,500,501,502,503,504,505,506,507,508,509,510,511,512,513,514,515,516,517,518,519,520,521,522,523,524,525,526,527,528,529,530,531,532,533,534,535,536,537,538,539,540,541,542,543,544,545,546,547,548,549,550,551,552,553,554,555,556,557,558,559,560,561,562,563,564,565,566,567,568,569,570,571,572,573,574,575,576,577,578,579,580,581,582,583,584,585,586,587,588,589,590,591,592,593,594,595,596,597,598,599,600,601,602,603,604,605,606,607,608,609,610,611,612,613,614,615,616,617,618,619,620,621,622,623,624,625,626,627,628,629,630,631,632,633,634,635,636,637,638,639,640,641,642,643,644,645,646,647,648,649,650,651,652,653,654,655,656,657,658,659,660,661,662,663,664,665,666,667,668,669,670,671,672,673,674,675,676,677,678,679,680,681,682,683,684,685,686,687,688,689,690,691,692,693,694,695,696,697,698,699,700,701,702,703,704,705,706,707,708,709,710
1,1,1,2,2,4,2,1,1,1,1,0,5,18,43,51,36,2,1,1,0,0,0,0,0,0,0,0,0,0,0,0,0,1,1,0,2,4,4,2,1,1,2,5,8,13,32,40,28,0,0,0,0,0,0,0,0,0,0,0,0,0,0,0,0,0,0,0,0,0,0,0,0,0,0,0,0,0,0,0,0,0,0,0,0,0,0,0,0,0,0,0,0,0,0,0,0,0,0,0,0,0,0,0,0,0,0,0,0,0,0,0,0,6,4,10,30,191,33,10,10,4,4,4,1,1,1,4,5,0,0,0,0,0,0,0,0,0,0,0,0,0,0,0,0,0,0,0,0,0,0,0,0,0,0,0,0,0,0,0,0,0,0,0,0,0,0,0,0,0,0,0,0,0,0,0,0,0,0,0,0,0,0,0,0,0,0,0,0,0,0,0,0,0,0,0,0,0,0,0,0,0,0,0,0,0,0,0,0,0,0,0,0,0,0,0,0,0,0,0,0,0,0,0,0,0,0,0,0,0,0,0,0,0,0,0,0,0,0,0,0,0,0,0,0,0,0,0,0,0,0,0,0,0,0,0,0,0,0,0,0,0,0,0,0,0,0,0,0,0,0,0,0,0,0,0,0,0,0,0,0,0,0,0,0,0,0,0,0,0,0,0,0,0,0,0,0,0,0,0,0,0,0,0,0,0,0,0,0,0,0,0,0,0,0,0,0,0,0,0,0,0,0,0,0,0,0,0,0,0,0,0,0,0,0,0,0,4,2,3,3,3,5,21,68,141,132,36,9,6,10,11,10,2,1,1,0,0,0,0,0,0,0,0,0,0,0,0,0,0,0,0,0,0,0,0,0,0,0,0,0,0,0,0,0,0,0,0,0,0,0,0,0,0,0,0,0,0,0,0
2,11,12,27,63,38,9,1,3,10,12,5,4,3,4,14,30,48,17,16,12,2,2,1,1,3,5,5,5,2,0,1,1,0,0,0,0,0,0,0,0,0,0,0,0,0,0,0,0,7,4,3,15,31,24,7,3,3,9,11,7,7,29,99,165,69,39,18,3,3,2,2,5,12,10,5,2,1,1,1,5,2,2,2,0,0,1,1,1,1,0,1,4,4,5,13,21,72,9,10,5,5,2,0,1,1,1,1,0,0,1,1,1,2,1,0,3,4,5,4,4,5,3,6,45,78,6,7,4,5,6,10,3,6,4,3,13,105,119,22,10,46,35,5,10,0,0,0,0,0,0,0,0,0,0,0,0,0,0,0,0,0,0,0,0,0,0,0,0,0,0,0,0,0,0,0,0,0,0,0,0,0,0,0,0,0,0,0,0,0,0,0,0,0,0,0,0,0,0,0,0,0,0,0,0,0,0,0,0,0,0,0,0,0,0,0,0,0,0,0,0,0,0,0,0,0,0,0,0,0,0,0,0,0,0,0,0,0,0,0,0,2,1,1,2,12,12,3,4,4,4,9,134,221,10,8,16,0,0,1,1,1,1,0,0,0,0,0,0,0,0,0,0,0,0,0,0,0,0,0,0,0,0,0,0,0,0,0,0,0,0,0,0,0,0,0,0,0,0,0,0,0,0,0,0,0,0,0,0,0,0,0,0,0,0,0,0,0,0,0,0,0,0,0,0,0,0,0,0,0,0,0,0,0,0,0,0,0,0,0,0,0,0,0,0,0,0,0,0,0,0,0,0,4,4,4,3,13,4,2,32,108,64,25,4,5,2,4,2,1,1,1,1,0,0,0,0,0,0,0,0,1,1,1,1,4,3,2,1,0,0,0,0,0,0,0,0,0,0,0
3,0,0,0,0,0,0,0,0,0,0,0,0,0,0,0,0,13,33,67,26,4,4,2,13,9,2,4,2,7,14,5,1,5,3,2,10,34,61,27,6,1,4,7,1,3,3,1,16,0,0,0,0,0,0,0,0,0,0,0,0,0,0,0,0,0,0,0,0,0,0,0,0,0,0,0,0,1,1,1,1,22,59,18,14,8,4,5,3,4,4,4,2,2,2,4,4,0,0,0,0,0,0,0,0,0,0,0,0,0,0,0,0,0,0,0,0,0,0,0,0,1,1,1,1,1,1,1,1,1,2,28,26,4,2,1,1,1,1,0,0,0,0,0,0,0,0,0,0,0,0,0,0,0,0,0,0,0,0,0,0,0,0,0,0,0,0,0,0,0,0,0,0,0,0,0,0,0,0,0,0,0,0,0,0,0,0,0,0,0,0,0,0,0,0,0,0,0,0,0,0,0,0,0,0,0,0,0,0,0,0,0,0,0,0,0,0,0,0,0,0,0,0,0,0,0,0,0,0,0,0,0,0,0,0,0,0,0,0,0,0,0,0,0,0,0,0,0,0,0,0,0,0,0,0,0,0,0,0,0,0,0,0,0,0,0,0,0,0,0,0,0,0,1,1,1,4,5,7,9,7,13,30,201,142,29,10,12,4,1,1,1,1,1,1,1,1,0,0,0,0,0,0,0,0,0,0,0,0,0,0,0,0,0,0,0,0,0,0,0,0,0,0,0,0,0,0,0,0,0,0,0,0,0,0,0,0,0,0,0,0,0,0,0,0,0,0,0,0,0,0,0,0,1,2,7,4,3,3,2,4,8,17,52,124,128,84,29,9,1,1,1,1,0,0,0,0,0,0,0,0,0,0,0,0,0,0,0,0,0,0,0,0,0,0,0,0,0,0,0
4,0,0,0,0,0,0,0,0,0,0,0,0,0,0,0,0,0,0,0,0,0,0,0,0,0,0,0,0,0,0,0,0,11,37,103,80,35,3,3,0,5,4,0,0,5,7,0,2,7,9,12,6,3,49,125,139,73,20,3,1,1,1,2,5,0,0,0,0,0,0,1,1,1,2,7,7,16,44,15,14,3,3,3,2,1,1,0,0,0,0,4,2,4,6,9,33,1,1,1,1,0,0,0,0,0,0,0,0,0,1,1,2,5,13,100,9,6,7,2,3,2,2,0,0,0,1,1,1,0,0,0,0,0,0,0,0,0,0,0,0,1,1,1,1,11,33,170,47,10,10,7,4,6,4,6,10,6,1,2,1,0,0,0,0,0,0,0,0,0,0,0,0,0,0,0,0,0,0,0,0,0,0,0,0,0,0,0,0,0,0,0,0,0,0,0,0,0,0,0,0,0,0,0,0,0,0,0,0,0,0,0,0,0,0,0,0,0,0,0,0,0,0,0,0,0,0,0,0,0,0,0,0,0,0,0,0,0,0,0,0,0,0,0,0,0,0,0,0,0,0,0,0,0,0,0,0,0,0,0,0,0,0,0,0,0,0,0,0,0,0,0,0,0,0,0,0,0,0,0,0,0,0,0,0,0,0,0,0,4,3,0,1,2,2,1,1,5,7,12,54,16,9,5,2,0,0,0,0,0,0,0,0,0,0,0,0,0,0,0,0,3,1,2,2,1,4,1,3,6,6,9,29,78,34,9,6,4,4,2,2,3,6,9,13,38,41,19,11,9,1,5,3,1,1,1,1,0,0,0,0,0,0,0,0,0,0,0,0,5,4,11,9,0,11,43,37,4,6,5,10,0,5,2,10,0,0,0,0,0,0,0,0,0,0,0,0,0,0,0
5,0,0,2,2,2,2,0,1,1,2,0,4,14,18,30,50,55,24,2,3,4,7,5,0,10,35,67,40,21,2,4,12,29,16,9,7,0,0,3,0,2,4,5,5,4,0,0,1,3,2,9,9,4,2,1,1,4,4,4,5,25,74,131,160,142,90,30,3,2,4,3,4,3,2,12,13,5,2,4,5,0,0,0,0,0,0,0,0,0,0,0,0,0,0,0,0,0,0,0,0,0,0,0,0,0,0,0,0,0,0,0,0,1,1,1,0,0,1,1,1,1,0,4,1,5,50,26,4,1,1,1,1,1,1,1,1,0,0,0,0,0,0,0,0,0,0,0,0,0,0,0,0,0,0,0,0,0,0,0,0,0,0,0,0,0,0,0,0,0,0,0,0,0,0,0,0,0,0,0,0,0,0,0,0,0,0,0,0,0,0,0,0,0,0,0,0,0,0,0,0,0,0,0,0,0,0,0,0,0,0,0,0,0,0,0,0,0,0,0,0,0,0,0,0,0,0,0,0,0,0,0,0,0,0,0,0,0,0,0,0,0,0,0,0,0,0,0,0,0,0,0,0,0,0,0,0,0,0,0,0,0,0,0,0,0,0,0,0,1,1,1,1,3,3,8,10,16,57,8,4,1,2,2,2,1,0,3,4,0,0,0,0,0,0,0,0,1,1,0,0,0,0,1,1,46,17,10,6,0,3,2,6,4,4,4,3,3,1,0,0,0,0,0,0,0,0,0,0,0,0,0,0,0,0,0,0,0,0,0,0,0,0,0,0,0,0,0,0,0,0,0,0,0,0,0,0,0,0,0,0,0,0,0,0,0,0,0,0,0,0,0,0,0,0,0,0,0,0,0,0,0,0,0,0,0,0,0,0,0,0,0,0,0,0,0,0,0,0,0
6,0,0,0,0,0,0,0,0,0,0,0,0,0,0,0,0,0,0,0,0,0,0,0,0,0,0,0,0,0,0,0,0,0,0,0,0,0,0,0,0,0,0,0,0,0,0,0,0,0,0,0,0,0,0,0,0,0,0,0,0,0,0,0,0,0,0,0,0,0,0,0,0,0,0,0,0,0,0,0,0,0,0,0,0,0,0,0,0,0,0,0,0,0,0,0,0,6,4,4,2,5,12,33,140,163,41,15,3,2,6,2,7,1,6,3,4,7,3,7,5,1,4,10,9,62,205,121,13,3,5,5,6,13,10,9,5,4,12,14,16,92,191,90,6,1,1,1,1,1,1,1,1,0,0,0,0,0,0,0,0,0,0,0,0,0,0,0,0,0,0,0,0,0,0,0,0,3,7,5,7,9,8,19,5,44,207,140,9,3,8,2,16,1,1,1,1,0,0,0,0,0,0,0,0,0,0,0,0,0,0,0,0,0,0,0,0,0,0,0,0,0,0,0,0,0,0,0,0,0,0,0,0,0,0,0,0,0,0,0,0,0,0,0,0,0,0,0,0,0,0,0,0,0,0,0,0,3,5,7,3,3,3,4,2,3,10,11,32,165,227,240,244,9,5,3,5,6,2,1,3,1,1,0,0,0,0,0,0,0,0,0,0,0,0,0,0,0,0,0,0,0,0,0,0,0,0,0,0,0,0,0,0,0,0,0,0,0,0,0,0,0,0,0,0,0,0,0,0,0,0,0,0,0,0,0,0,9,4,1,1,4,4,5,7,5,13,48,110,130,54,16,6,0,0,0,0,0,0,0,0,0,0,0,0,0,0,0,0,0,0,0,0,0,0,0,0,0,0,0,0,0,0,0,0,0,0,0,0,0,0,0,0,0,0,0,0,0,0,0
7,4,2,1,3,4,3,4,4,3,6,3,19,57,147,188,202,22,14,7,4,1,1,1,2,0,2,4,4,2,0,1,1,0,0,0,0,0,0,0,0,0,0,0,0,0,0,0,0,0,0,0,0,0,0,0,0,0,0,0,0,0,0,0,0,0,0,0,0,0,0,0,0,0,0,0,0,0,0,0,0,0,0,0,0,0,0,0,0,0,0,0,0,0,0,0,0,0,0,0,0,0,0,0,0,0,0,0,0,0,1,1,2,49,149,174,31,10,5,9,3,3,9,58,178,83,208,139,118,175,187,158,21,10,0,2,2,3,3,3,5,7,4,2,3,0,0,0,0,0,0,0,0,0,0,0,0,0,0,0,0,11,1,5,4,3,4,1,2,7,13,5,69,209,156,201,36,3,1,0,0,0,1,0,0,0,0,0,0,0,0,0,0,0,0,0,0,0,0,0,0,0,0,0,0,0,0,0,0,0,0,0,0,0,0,0,0,0,0,0,0,0,0,0,0,1,2,5,2,1,5,5,4,5,6,15,222,249,255,70,26,6,6,5,7,8,98,229,67,72,226,97,10,5,4,7,4,2,4,7,4,5,5,8,11,3,7,14,13,77,225,203,34,2,2,2,1,1,1,1,1,0,0,0,0,0,0,0,0,0,0,0,0,0,0,0,0,0,0,0,0,0,0,0,0,0,0,0,0,0,0,0,0,0,0,0,0,0,0,0,0,5,4,25,111,207,255,255,217,170,129,206,223,195,194,221,253,214,170,55,9,10,10,6,2,5,4,6,4,7,4,9,30,187,195,207,221,200,147,46,2,10,6,5,7,38,97,108,58,2,2,2,2,2,2,2,2,2,2,2,2,1,1,1,1,0,0,0,0,0,0,0,0,0,0,0,0,0,0,0
8,0,0,0,0,0,0,0,0,0,0,0,0,0,0,0,0,1,2,7,5,0,2,2,0,8,7,2,2,1,18,59,113,40,23,16,12,4,0,2,0,0,2,4,4,3,1,1,2,50,79,79,44,14,3,3,9,10,2,3,2,10,13,3,3,0,0,0,0,0,0,0,0,0,0,0,0,0,0,0,0,0,0,0,0,0,0,0,0,0,0,0,0,0,0,0,0,0,0,0,0,0,0,0,0,0,0,0,0,0,0,0,0,0,0,0,0,0,0,0,0,0,0,0,0,0,0,0,0,0,0,0,0,0,0,0,0,0,0,0,0,0,0,0,0,0,0,0,0,0,0,0,0,0,0,0,0,0,0,0,0,0,0,0,0,0,0,0,0,0,0,0,0,0,0,0,0,13,26,185,167,30,3,10,1,8,15,8,6,3,6,3,5,48,198,21,8,14,11,8,2,2,3,2,6,8,5,2,4,4,9,11,36,203,20,3,18,11,3,3,4,4,1,1,5,0,0,0,0,0,0,0,0,0,0,0,0,0,0,0,0,0,0,0,0,0,0,0,0,0,0,0,0,0,0,0,0,9,2,1,8,16,9,127,214,44,7,5,18,156,94,10,6,18,20,117,211,59,7,3,6,6,8,36,184,43,3,4,6,39,140,185,36,5,7,9,11,6,3,3,9,6,10,55,182,192,81,16,8,2,3,2,12,9,1,8,11,23,72,176,198,39,21,4,2,7,5,2,7,42,118,145,66,19,5,7,9,9,5,3,4,3,2,3,4,3,3,4,7,12,44,112,71,7,3,6,29,66,100,42,4,6,1,9,7,2,4,2,6,0,0,0,0,0,0,0,0,0,0,0,0,0,0,0,0,0,0,0,0,0,0,0,0,0,0,0,0,0,0,0
9,0,0,0,0,0,0,0,0,0,0,0,0,0,0,0,0,0,0,0,0,0,0,0,0,0,0,0,0,0,0,0,0,0,0,0,0,0,0,0,0,0,0,0,0,0,0,0,0,0,0,0,0,0,0,0,0,0,0,0,0,0,0,0,0,0,0,0,0,0,0,0,0,0,0,0,0,0,0,0,0,0,0,0,0,0,0,0,0,0,0,0,0,0,0,0,0,0,0,0,0,0,0,0,0,0,0,0,0,0,0,0,0,0,0,0,0,0,0,0,0,0,0,0,0,1,1,1,1,9,39,4,1,2,0,0,2,1,1,1,0,0,1,1,1,0,0,0,0,0,0,0,0,0,0,0,0,0,0,0,0,2,2,4,2,8,87,27,8,7,4,7,29,61,6,5,2,0,0,0,0,0,0,0,0,0,0,0,0,0,0,0,0,4,2,1,1,1,1,1,1,4,7,5,4,5,4,13,112,56,53,6,22,71,3,8,2,11,7,161,61,11,9,26,124,231,144,20,121,74,191,8,11,10,3,5,6,0,1,1,7,0,0,0,0,0,0,0,0,0,0,0,0,0,0,0,0,3,1,5,4,0,19,96,114,137,15,8,10,102,18,42,204,31,41,212,213,58,9,26,137,93,9,6,4,4,2,4,22,182,171,15,13,6,3,3,29,99,182,77,28,126,195,58,4,7,2,2,1,4,4,5,7,5,14,48,136,142,58,17,5,17,3,18,91,158,99,30,4,9,8,7,1,3,6,1,4,4,2,7,3,8,4,6,14,90,179,205,162,54,9,7,6,5,4,20,81,144,87,20,19,58,125,111,91,132,97,31,17,7,5,3,38,113,122,77,98,90,43,15,22,81,120,102,110,131,129,99,37,28,86,127,127,56,12,9,3,11,33,102
10,0,0,0,0,0,0,0,0,0,0,0,0,0,0,0,0,0,0,0,0,0,0,0,0,0,0,0,0,0,0,0,0,0,0,0,0,0,0,0,0,0,0,0,0,0,0,0,0,0,0,0,0,0,0,0,0,0,0,0,0,0,0,0,0,19,1,3,2,6,8,9,23,81,55,14,3,1,9,9,1,4,2,7,5,1,6,6,4,11,11,3,14,8,15,70,174,92,23,2,8,16,68,14,7,5,36,133,32,10,3,14,70,3,3,4,4,2,5,4,69,8,5,3,2,2,3,2,2,1,3,0,1,4,1,5,25,5,5,9,54,30,2,4,3,4,4,2,3,5,4,2,3,5,21,57,9,4,1,4,4,0,0,0,0,0,0,0,0,0,0,0,0,0,0,0,0,3,9,75,65,134,52,5,7,4,6,2,13,107,12,2,16,1,1,1,1,0,0,0,0,0,0,0,0,1,1,1,1,1,5,37,0,2,0,3,2,2,4,0,2,0,3,75,6,8,1,4,4,1,2,13,29,5,17,7,102,21,192,66,4,6,8,97,15,102,36,14,20,188,203,8,19,234,247,48,106,150,15,10,8,11,127,115,39,209,141,172,172,79,20,4,3,27,194,39,3,4,7,64,178,32,30,188,39,19,17,100,74,159,41,61,203,143,195,53,18,22,65,151,35,4,5,5,19,104,119,16,7,9,29,76,24,33,83,116,31,7,2,7,19,111,134,142,165,77,17,5,1,1,3,5,4,5,11,9,5,88,101,31,28,64,34,9,2,3,3,2,9,34,89,76,25,4,2,10,17,61,24,18,40,109,47,13,6,29,68,17,5,2,1,1,0,0,0,0,0,0,0,0,0,0,0,0,0,11,1,5,4,6,9,7,2,12,46,72,31,10,2,4
11,0,0,0,0,0,0,0,0,0,0,0,0,0,0,0,0,0,0,0,0,0,0,0,0,0,0,2,2,3,3,3,3,35,6,6,1,25,55,41,19,1,6,20,38,33,25,35,30,11,4,3,25,51,41,20,23,44,37,12,2,0,13,6,4,7,25,67,58,12,3,3,21,41,54,13,1,2,7,1,4,1,1,1,1,1,1,1,1,0,0,0,0,0,0,0,0,0,0,0,0,0,0,0,0,0,0,0,0,0,0,0,0,0,0,0,0,0,0,0,0,0,0,0,0,0,0,0,0,0,0,0,0,0,0,0,0,0,0,0,0,0,0,0,0,0,0,0,0,0,0,0,0,0,0,0,0,0,0,0,0,0,0,0,0,0,0,0,0,0,0,0,0,0,0,0,0,0,0,0,0,0,0,0,0,0,0,0,0,0,0,0,0,0,0,0,0,0,0,0,0,0,0,0,0,0,0,0,0,0,0,0,0,0,0,0,0,1,1,1,1,1,1,1,1,1,7,80,29,1,1,1,0,1,1,1,1,1,1,1,1,1,0,4,7,5,3,1,2,2,5,12,11,4,13,213,41,3,2,1,0,0,0,0,0,0,0,0,0,0,0,0,0,0,0,0,0,0,0,0,0,0,0,0,0,0,0,0,0,0,0,0,0,0,0,0,0,0,0,0,0,0,0,0,0,0,0,0,0,0,0,0,0,0,0,0,0,0,0,0,0,0,0,0,0,0,0,0,0,0,0,0,0,0,0,0,0,0,0,0,0,0,0,0,0,0,0,0,0,0,0,0,0,0,0,0,0,0,0,0,0,0,0,0,0,0,0,0,0,0,0,0,0,0,0,0,0,0,0,0,0,0,0,0,0,0,0,0,0,0,0,0,0,0,0,0,0,0,0,0
12,2,5,1,4,13,14,17,30,42,19,20,15,7,8,2,3,3,5,10,0,1,28,76,49,5,3,2,16,11,2,2,2,1,0,0,2,4,2,0,0,1,2,1,0,9,12,20,40,35,25,23,19,9,2,2,0,1,3,5,5,2,1,1,1,2,2,0,0,0,0,1,2,3,4,5,9,15,58,14,15,7,7,8,9,6,2,0,1,0,1,2,2,7,7,35,7,11,13,56,9,4,5,1,1,1,1,1,0,0,1,1,1,0,0,0,0,0,0,0,0,0,0,0,0,0,0,0,0,0,0,0,0,0,0,0,0,0,0,0,0,0,0,0,0,2,1,4,5,4,1,2,1,6,10,6,12,40,197,233,240,65,15,10,4,4,4,6,4,3,1,2,3,2,1,2,4,0,0,0,0,2,2,1,0,0,0,0,0,0,0,0,0,2,2,2,2,2,2,1,1,1,1,6,13,2,40,11,4,1,1,1,1,0,0,0,0,0,0,0,0,0,0,0,0,2,1,4,1,3,44,81,5,1,4,2,1,3,1,3,16,25,1,1,0,0,3,0,0,0,0,0,0,0,0,0,0,0,0,0,0,0,0,0,0,0,0,0,0,0,0,0,0,0,0,0,0,0,0,0,0,0,0,0,0,0,0,0,0,0,0,0,0,0,0,0,0,0,0,0,0,0,0,0,0,2,3,2,1,4,6,8,45,6,4,3,1,1,1,3,2,0,0,0,0,0,0,0,0,0,0,0,0,0,0,0,0,0,0,0,0,0,0,0,0,0,0,0,0,1,1,1,1,3,4,4,3,1,1,0,1,0,0,1,1,1,1,1,1,0,0,0,0,0,0,0,0,0,0,0,0,0,0,0,0,2,1,1,2,6,6,3,1,1,1,1,1,4,9,18
13,0,0,0,0,0,0,0,0,0,0,0,0,0,0,0,0,0,0,0,0,0,0,0,0,0,0,0,0,0,0,0,0,0,0,0,0,0,0,0,0,0,0,0,0,0,0,0,0,0,0,0,0,0,0,0,0,0,0,0,0,0,0,0,0,0,0,0,0,0,0,0,0,0,0,0,0,0,0,0,0,0,0,0,0,0,0,0,0,0,0,0,0,0,0,0,0,0,0,0,0,0,0,0,0,0,0,0,0,0,0,0,0,0,0,0,0,0,0,0,0,0,0,0,0,0,0,0,0,0,0,0,0,0,0,0,0,0,0,0,0,0,0,0,0,6,4,4,10,63,52,13,6,2,2,4,5,4,2,0,1,0,0,0,0,0,0,0,0,0,0,0,0,0,0,0,0,0,0,0,0,0,0,0,0,0,0,0,0,0,0,0,0,0,0,0,0,0,0,0,0,0,0,0,0,0,1,2,3,84,217,85,9,7,7,5,1,2,4,4,8,8,3,3,4,0,0,0,0,0,0,0,0,0,0,0,0,0,0,0,0,0,0,0,0,0,0,0,0,0,0,0,0,0,0,0,0,0,0,0,0,0,0,0,0,0,0,0,0,0,0,0,0,0,0,0,0,0,0,0,0,0,0,0,0,0,0,0,0,0,0,0,0,0,0,0,0,0,0,0,0,0,0,0,0,0,0,0,0,0,0,0,0,0,0,0,0,0,0,0,0,0,0,0,0,0,0,0,0,0,0,0,0,0,0,0,0,0,0,0,0,0,0,0,0,0,0,0,0,0,0,0,0,4,2,13,12,2,8,6,3,22,93,164,132,40,6,4,17,1,1,1,1,0,0,0,0,0,0,0,0,0,0,0,0,0,0,0,0,0,0,0,0,0,0,0,0,0,0,0
14,1,1,1,2,4,4,2,1,1,0,1,4,15,38,44,28,1,1,1,1,1,1,1,1,0,0,0,0,0,0,0,0,0,0,0,0,0,0,0,0,0,0,0,0,0,0,0,0,0,0,0,0,0,0,0,0,0,0,0,0,0,0,0,0,0,0,0,0,0,0,0,0,0,0,0,0,0,0,0,0,0,0,0,0,0,0,0,0,0,0,0,0,0,0,0,0,10,4,5,5,3,5,6,5,4,99,145,149,30,12,10,6,1,1,1,0,0,1,1,1,1,1,0,2,1,2,3,84,31,6,1,6,4,3,11,103,12,6,2,8,11,7,5,4,0,0,0,0,0,0,0,0,0,0,0,0,0,0,0,0,0,0,0,0,0,0,0,0,0,0,0,0,0,0,0,0,0,0,0,0,0,0,0,0,0,0,0,0,0,0,0,0,1,1,2,4,5,5,3,4,48,74,8,19,100,5,2,3,2,2,1,3,5,6,8,6,2,4,110,8,13,139,107,19,215,36,99,233,141,237,210,15,4,5,13,215,42,127,129,131,49,238,112,7,3,1,7,10,8,2,4,20,105,5,4,4,2,5,3,12,13,130,205,26,11,9,11,4,4,3,1,5,1,2,11,7,9,7,3,6,3,3,11,11,9,88,228,255,216,150,191,45,8,5,3,4,5,8,2,16,63,206,218,225,53,20,6,4,5,8,3,14,24,65,28,8,1,4,6,7,1,1,1,1,1,1,1,1,0,0,0,0,0,0,0,0,1,5,8,54,28,19,22,44,36,13,4,3,0,1,3,2,7,3,1,3,4,1,3,6,5,5,5,1,17,51,104,68,61,20,8,5,3,5,3,4,5,4,2,7,2,9,38,42,1,1,1,1,0,0,0,0,0,0,0,0,0,0,0
15,0,0,0,0,0,0,0,0,0,0,0,0,0,0,0,0,0,0,0,0,0,0,0,0,0,0,0,0,0,0,0,0,0,0,0,0,0,0,0,0,0,0,0,0,0,0,0,0,0,0,0,0,0,0,0,0,0,0,0,0,0,0,0,0,0,0,0,0,0,0,0,0,0,0,0,0,0,0,0,0,0,0,0,0,0,0,0,0,0,0,0,0,0,0,0,0,0,0,0,0,0,0,0,0,0,0,0,0,0,0,0,0,0,0,0,0,0,0,0,0,0,0,0,0,0,0,0,0,0,0,0,0,0,0,0,0,0,0,0,0,0,0,0,0,0,0,0,0,0,0,0,0,0,0,0,0,0,0,0,0,0,0,0,0,0,0,0,0,0,0,0,0,0,0,0,0,0,0,0,0,0,0,0,0,0,0,0,0,0,0,0,0,11,2,5,11,189,74,194,181,15,23,14,1,7,3,9,10,0,0,0,0,0,0,0,0,0,0,0,0,0,0,0,0,0,0,0,0,0,0,0,0,0,0,0,0,0,0,0,0,0,0,0,0,0,0,0,0,0,0,0,0,0,0,0,0,0,0,0,0,0,0,0,0,0,0,0,0,0,0,0,0,1,1,1,2,5,3,4,8,12,22,170,24,10,4,4,4,5,2,5,3,6,8,34,161,147,33,7,10,3,4,3,7,0,0,0,0,0,0,0,0,0,0,0,0,0,0,0,0,0,0,0,0,0,0,0,0,0,0,0,0,0,0,0,0,0,0,0,0,0,0,0,0,0,0,0,0,0,0,0,0,2,2,1,0,1,1,0,1,1,0,3,8,23,70,57,31,1,1,1,1,0,0,0,0,0,0,0,0,0,0,0,0,0,0,0,0,0,0,0,0,0,0,0,0,0,0,0
16,1,1,1,2,4,4,2,1,1,2,1,6,15,16,25,46,177,103,32,12,5,13,12,1,2,1,7,7,1,1,1,4,0,0,0,0,0,0,0,0,0,0,0,0,0,0,0,0,0,0,0,0,0,0,0,0,0,0,0,0,0,0,0,0,0,0,0,0,0,0,0,0,0,0,0,0,0,0,0,0,12,1,7,3,2,3,4,5,12,2,9,11,95,202,176,45,3,3,3,3,2,2,0,0,0,0,0,0,0,0,0,0,0,0,0,0,0,0,0,0,0,0,0,0,0,0,0,0,5,10,13,13,73,201,101,11,3,2,3,5,4,6,2,11,0,0,0,0,0,0,0,0,0,0,0,0,0,0,0,0,0,0,0,0,0,0,0,0,0,0,0,0,0,0,0,0,0,0,0,0,0,0,0,0,0,0,0,0,0,0,0,0,0,0,0,0,0,0,0,0,0,0,0,0,0,0,0,0,0,0,0,0,0,0,0,0,0,0,0,0,0,0,0,0,3,0,1,3,6,161,82,3,1,0,4,4,4,2,0,0,0,0,0,0,0,0,0,0,0,0,0,0,0,0,0,0,0,0,0,0,0,0,0,0,1,1,1,1,1,1,1,1,12,10,31,182,162,25,5,5,3,4,4,3,8,6,1,7,0,0,0,0,0,0,0,0,0,0,0,0,0,0,0,0,0,0,0,0,0,0,0,0,0,0,0,0,0,0,0,0,0,0,0,0,0,0,0,0,0,0,0,0,0,0,0,0,0,0,0,0,0,0,0,0,0,0,0,0,0,0,0,0,0,0,0,0,0,0,0,0,0,0,0,0,1,1,1,1,61,139,157,117,41,9,11,6,5,8,2,9,12,9,3,2,0,0,0,0,0,0,0,0,0,0,0,0,0,0,0
17,1,1,1,2,4,4,2,1,2,0,0,4,13,23,60,29,4,3,1,0,0,0,0,0,4,9,17,27,56,34,60,50,11,21,35,61,28,7,2,0,7,9,4,1,3,2,12,24,91,143,185,211,216,200,161,83,19,17,58,108,56,34,32,65,113,59,20,13,8,34,105,113,29,3,8,8,11,4,4,13,104,108,40,59,60,11,6,39,129,169,69,17,33,61,21,13,21,87,24,70,30,7,3,0,1,2,2,2,2,2,3,3,0,0,0,0,0,0,0,0,0,0,0,0,0,0,0,0,0,0,0,0,0,0,0,0,0,0,0,0,0,0,0,0,3,4,8,69,38,10,4,4,1,3,4,4,3,0,1,2,0,0,0,0,0,0,0,0,0,0,0,0,0,0,0,0,0,0,0,0,0,0,0,0,0,0,0,0,0,0,0,0,1,1,1,0,0,2,2,2,2,0,2,3,3,14,110,8,0,0,0,0,0,0,0,0,0,0,0,0,0,0,0,0,0,0,0,0,0,0,0,0,0,0,0,0,0,0,0,0,6,26,102,4,1,2,2,4,8,122,1,3,1,1,2,2,0,0,0,1,1,2,2,2,2,0,1,4,4,6,13,100,10,4,7,3,4,2,4,31,77,18,17,35,165,64,43,152,168,30,8,13,5,16,30,139,58,11,4,9,7,8,2,9,0,0,0,0,0,0,0,0,0,0,0,0,0,0,0,0,6,35,107,113,23,11,38,113,84,18,5,6,4,3,1,12,6,4,12,34,95,96,21,5,7,9,5,3,9,12,0,5,6,4,3,9,4,4,5,39,117,60,14,9,3,11,6,5,2,1,1,3,3,3,3,3,2,1,1,10,16,48,71,37,4,3,1,8,12,5,5,6,15,65,98,65,16,3,2
18,2,1,7,9,16,41,45,13,10,5,4,2,2,1,2,2,4,7,7,53,125,166,129,71,102,127,181,163,75,16,1,1,14,99,209,252,209,113,36,45,92,100,46,38,75,122,109,71,1,1,1,1,0,0,0,0,1,1,1,1,1,1,1,1,21,6,6,31,127,147,102,12,8,6,12,5,11,11,9,9,86,27,13,9,44,23,5,4,3,4,14,12,8,10,81,31,1,1,1,1,0,0,0,0,0,0,0,0,0,0,0,0,0,0,0,0,0,0,0,0,0,0,0,0,0,0,0,0,0,0,0,0,0,0,0,0,0,0,0,0,0,0,0,0,2,2,2,2,2,2,1,1,3,2,10,38,101,18,16,73,45,7,8,15,38,3,1,1,0,0,0,0,0,1,1,1,0,0,0,0,0,0,0,0,0,0,1,1,0,2,12,24,3,1,1,74,6,4,5,7,50,73,39,3,2,3,2,0,15,115,18,79,9,4,2,6,116,2,4,2,1,30,95,3,1,1,1,1,1,1,1,1,1,0,82,4,0,0,2,0,2,4,2,2,1,3,21,16,5,26,60,10,10,124,126,13,12,116,13,115,21,31,3,5,4,4,5,50,16,25,6,10,41,125,113,110,106,58,6,5,1,17,53,71,6,6,1,10,67,20,14,48,59,12,9,12,17,66,31,13,8,6,1,4,5,1,8,11,29,53,70,21,11,4,8,2,2,8,36,18,90,34,3,4,50,54,27,5,5,3,4,7,3,2,3,2,5,1,5,11,38,70,23,1,3,2,5,4,2,10,60,42,14,3,5,0,19,31,33,40,105,51,15,7,1,10,7,6,9,32,93,84,28,4,5,9,2,5,2,8,5,3,2,5,15,53,95,52,37,9,10,5,1,4,35,47,35,54,104
19,8,1,7,8,27,68,110,44,12,0,2,2,9,9,1,3,0,0,0,0,0,0,0,0,0,0,0,0,0,0,0,0,0,0,0,0,0,0,0,0,0,0,0,0,0,0,0,0,0,0,0,0,0,0,0,0,0,0,0,0,0,0,0,0,0,0,0,0,0,0,0,0,0,0,0,0,0,0,0,0,2,1,2,8,11,16,51,18,8,5,2,2,2,1,2,2,8,4,11,32,56,54,24,3,5,11,70,60,69,13,3,2,13,12,60,56,60,68,12,3,3,4,8,3,5,10,56,70,70,75,37,9,4,0,2,2,3,3,3,2,2,1,2,4,7,63,24,63,32,54,45,11,2,2,4,5,4,1,1,2,0,0,0,0,0,0,0,0,0,0,0,0,1,1,1,1,6,62,27,16,91,24,42,81,5,2,2,4,2,0,2,2,0,0,0,0,0,0,0,0,0,0,0,0,0,0,0,0,0,0,0,0,0,0,0,0,0,0,0,0,0,0,0,0,2,2,2,2,2,2,0,0,0,0,2,0,2,0,5,46,87,29,109,115,17,12,120,1,1,1,1,1,1,1,0,0,0,0,0,0,0,0,0,0,0,0,0,0,0,0,0,0,0,0,0,0,0,0,0,0,0,0,0,0,0,0,0,0,0,0,0,0,0,0,0,0,0,0,0,0,0,0,0,0,0,0,0,0,0,0,0,0,0,0,0,0,0,0,0,0,0,0,0,0,0,0,0,0,0,0,0,0,0,0,0,0,0,0,0,0,0,0,0,0,0,0,0,0,0,0,0,0,0,0,0,0,0,0,0,0,0,0,0,0,0,0,0,0,0,0,0,0,0,0,0,0,0,0,0,0,0,0,0,0,4,10,10,4,8,3,26,55,23,14,32,36,13,12,41
20,5,1,1,1,4,7,4,1,3,1,12,32,51,67,10,1,1,0,5,4,0,1,1,4,11,11,2,2,4,15,72,87,65,26,13,2,8,34,102,149,180,162,110,52,11,4,24,48,42,21,7,4,3,3,7,21,40,74,79,61,47,55,22,10,4,6,14,1,5,14,59,48,9,4,0,11,12,23,126,86,12,10,6,1,0,1,1,1,4,9,12,21,74,8,5,4,1,1,1,1,1,1,1,1,1,1,1,1,1,1,1,1,4,4,1,2,4,10,104,13,6,5,6,4,4,3,3,3,4,2,2,2,2,1,1,2,2,4,2,10,92,17,7,4,2,2,2,1,1,3,3,3,3,0,2,1,4,3,14,62,42,2,6,7,4,7,2,7,6,77,200,100,26,7,14,9,7,3,4,2,9,104,17,9,4,2,4,4,3,2,4,4,0,0,0,0,0,0,1,1,1,1,5,106,14,2,5,3,6,1,7,13,126,136,133,221,40,5,4,2,3,14,2,3,0,0,0,0,0,0,0,0,0,0,0,0,0,0,0,0,2,2,1,0,0,1,3,3,4,42,88,3,3,1,1,0,0,0,1,1,1,1,0,0,0,0,0,0,0,0,0,0,3,1,4,7,7,6,5,5,2,10,92,44,33,101,16,5,19,33,151,187,29,10,7,6,5,8,3,7,4,6,8,7,0,0,0,0,0,0,0,0,0,0,0,0,0,0,0,0,4,2,4,4,5,2,10,48,106,128,130,123,100,52,49,101,61,19,3,0,6,10,1,4,5,32,57,21,8,4,4,8,2,2,1,1,1,1,1,2,3,4,6,8,19,47,15,11,0,0,0,0,0,0,0,0,0,0,0,0,0,0,0,0,0,0,0,0,0,0,0,0,0,0,0,0,0,0,0
21,7,62,193,231,246,255,255,206,107,55,140,212,191,113,65,39,10,4,4,56,163,145,49,4,7,10,25,69,92,118,193,220,252,193,86,15,2,5,14,4,2,3,4,2,4,27,67,102,175,110,32,3,3,2,7,2,1,2,4,0,2,3,1,12,4,7,4,5,6,3,13,25,105,172,98,22,1,5,6,5,27,74,115,31,3,3,5,9,3,2,4,12,7,9,56,194,141,144,218,251,255,218,88,32,153,218,162,108,9,9,38,159,253,238,219,121,19,9,5,4,11,75,211,146,204,146,202,71,185,50,88,230,255,242,112,11,30,191,129,33,8,25,172,239,253,254,252,255,254,240,217,89,12,4,5,4,7,8,1,7,10,23,166,228,211,30,16,13,104,206,78,24,147,200,46,101,12,9,9,129,201,244,235,128,133,217,155,219,59,14,111,51,196,167,249,236,58,197,238,246,193,26,42,224,242,149,35,190,227,142,200,138,118,27,218,121,33,6,5,118,20,144,108,22,227,159,211,176,194,250,255,251,234,14,3,4,2,0,4,5,0,0,0,0,0,0,0,0,0,0,0,0,0,0,0,0,3,58,56,2,4,3,9,97,109,44,24,153,73,9,7,7,96,13,6,3,1,0,4,4,4,4,4,2,2,1,1,1,5,2,7,7,1,8,15,23,90,179,82,34,132,210,179,221,146,87,54,8,25,128,172,58,12,3,18,82,24,7,10,38,65,6,6,39,127,71,11,6,3,6,6,4,2,4,3,2,0,0,0,0,0,0,0,0,0,0,0,0,0,0,0,0,2,1,1,1,3,3,1,0,1,1,1,3,4,6,14,21,105,49,22,14,9,6,5,4,7,24,84,95,95,82,20,5,1,1,1,1,0,0,0,0,0,0,0,0,0,0,0
22,163,220,237,218,146,140,122,202,232,254,244,208,115,135,153,219,245,255,255,234,203,187,231,243,223,183,143,169,156,107,144,109,139,160,216,252,255,255,246,249,255,255,255,236,198,133,110,93,222,186,125,104,159,223,253,255,250,245,249,254,255,255,253,254,248,253,255,255,255,255,254,249,250,254,239,220,148,101,24,4,79,128,216,244,254,255,255,255,254,241,243,255,255,246,204,158,115,137,197,173,246,245,233,195,157,125,156,243,253,241,217,101,194,232,244,246,249,238,167,220,228,200,200,244,249,249,224,126,116,149,237,255,255,251,250,253,255,254,252,254,255,255,249,244,193,83,183,56,121,196,237,193,50,137,222,247,86,177,139,118,215,203,190,241,227,148,138,232,255,253,229,101,146,137,209,139,5,8,6,12,110,64,85,131,113,21,87,130,238,244,94,50,134,227,157,214,142,113,240,249,241,150,246,242,129,7,14,7,11,12,152,90,3,9,0,3,5,24,18,14,160,214,50,224,144,215,50,183,117,137,247,222,14,11,227,129,161,17,14,129,20,3,4,5,10,123,19,11,21,9,160,228,136,1,110,235,45,77,229,110,167,238,248,252,242,131,216,96,187,200,16,26,3,12,14,15,31,146,68,33,145,205,33,12,14,86,166,138,141,81,10,7,18,80,27,2,4,5,1,5,12,14,49,170,178,79,28,4,12,97,77,158,37,9,73,34,34,39,41,5,6,2,4,4,25,55,16,3,7,4,9,5,4,1,16,57,48,66,31,13,17,35,89,114,61,18,5,4,20,68,15,5,6,0,10,9,2,2,9,27,53,10,4,8,24,60,19,6,84,67,23,3,5,4,6,4,7,6,1,2,3,3,5,7,36,48,33,13,9,4,6,23,11,8,6,5,4,2,2
23,16,2,4,41,146,169,209,245,255,231,151,129,219,255,255,234,255,231,178,73,37,74,151,210,239,216,174,122,158,155,163,187,121,70,103,191,250,255,246,246,255,229,172,134,190,241,255,239,195,192,229,245,255,255,255,254,248,246,250,253,255,253,248,243,183,215,240,201,123,60,98,137,134,202,232,255,254,249,241,246,145,143,219,220,202,176,148,161,53,103,184,106,106,22,69,200,220,137,122,129,221,226,145,89,139,147,210,215,157,159,52,145,166,83,212,160,230,243,249,250,183,124,20,15,147,212,36,22,7,66,51,10,10,1,28,109,114,117,11,2,14,101,67,76,11,12,9,13,75,40,2,76,223,213,136,21,108,127,122,25,176,181,138,123,48,128,198,146,24,53,55,10,6,9,8,4,2,5,12,7,3,44,70,5,6,26,186,106,203,91,178,202,63,172,16,11,107,7,11,61,175,28,140,97,9,8,10,85,172,178,80,12,32,237,248,238,46,86,240,226,91,144,129,242,254,156,122,88,245,236,72,148,242,255,255,244,123,53,183,119,185,12,3,9,118,4,3,7,38,58,4,1,4,2,8,7,3,6,46,69,3,4,3,5,5,11,105,10,17,106,35,103,125,115,208,71,100,201,93,158,230,230,71,200,234,209,213,215,251,200,45,98,104,48,134,168,180,198,247,251,254,249,254,255,255,244,238,255,253,206,51,14,58,43,108,94,111,136,49,39,70,75,49,12,7,10,65,122,62,67,15,7,9,6,45,34,63,32,7,36,127,139,85,46,68,61,27,11,5,19,64,33,78,78,43,56,15,4,5,2,5,13,30,15,31,6,6,2,5,9,24,37,8,27,97,68,24,14,34,31,67,66,63,29,7,12,20,9,6,16,6,3,3,1,1,0,0,0,1
24,178,107,147,201,243,253,231,206,227,217,179,71,35,55,118,117,179,135,42,46,123,209,243,255,255,252,241,243,248,226,154,74,86,126,209,245,255,249,245,239,212,166,114,135,167,214,246,255,255,247,243,238,209,159,127,139,163,172,118,57,46,93,138,130,110,194,235,250,202,212,229,250,250,226,165,166,224,253,255,248,249,251,252,253,254,254,252,240,190,189,153,108,144,214,242,255,242,255,255,238,188,206,227,187,56,145,236,252,160,14,20,168,156,32,12,22,132,197,74,184,65,124,39,146,189,79,198,61,186,116,61,13,8,1,3,14,98,16,4,5,9,99,31,107,123,34,5,4,27,161,124,83,37,119,96,27,96,33,121,137,211,237,234,219,162,119,134,223,249,255,254,231,133,118,219,243,152,130,21,28,178,223,102,10,6,10,101,128,207,226,91,24,3,9,83,18,90,42,12,114,15,5,1,3,2,0,1,3,2,2,0,0,1,1,2,2,3,4,65,58,22,39,7,111,16,6,3,79,230,89,127,59,2,9,49,52,17,1,2,5,0,0,0,0,0,0,0,0,0,0,0,0,0,0,0,0,0,0,0,0,0,0,0,0,0,0,0,0,0,0,0,0,0,0,0,0,0,0,0,0,0,0,0,0,0,0,0,0,0,0,0,0,0,0,0,0,0,0,0,0,0,0,0,0,11,2,5,0,7,1,4,1,21,82,20,13,18,55,55,6,1,1,1,1,0,0,0,0,0,0,0,0,0,0,0,0,0,0,0,0,0,0,0,0,0,0,0,0,0,0,0,0,5,5,2,5,17,47,72,48,10,3,5,5,7,6,0,4,0,0,0,0,0,0,0,0,0,0,0,0,0,0,0,0,0,0,0,0,0,0,0,0,0,0,0,0,0,0,0
25,9,62,200,245,249,248,249,250,247,250,253,230,164,101,136,152,66,150,233,237,185,75,40,89,154,172,144,94,83,63,92,146,167,162,198,211,207,191,161,68,16,13,58,47,17,4,7,13,11,37,97,95,30,19,53,119,139,124,168,197,235,246,237,236,170,167,211,190,117,37,10,13,7,3,5,2,8,12,7,4,59,108,62,55,136,88,12,10,16,44,85,5,6,28,121,145,130,157,218,225,164,217,233,216,120,189,117,25,7,18,162,187,30,102,11,10,5,7,4,5,2,1,1,1,1,2,3,4,7,66,45,12,5,6,20,93,11,6,2,2,4,4,6,8,99,24,2,3,12,23,98,5,5,19,102,14,4,7,6,8,71,58,7,5,4,11,14,9,91,152,16,7,15,5,3,9,4,13,8,26,168,183,26,6,23,195,52,99,168,182,143,197,127,17,2,12,100,95,56,111,9,10,120,39,98,7,83,51,68,65,32,96,7,3,2,0,3,5,5,3,2,1,1,1,0,0,0,0,0,0,0,0,2,54,4,1,1,0,2,55,3,5,1,5,57,0,1,0,0,0,0,0,0,0,0,0,2,2,6,4,3,6,5,12,7,7,2,5,4,22,152,237,219,42,9,14,10,3,7,8,11,5,4,2,3,5,1,4,0,0,0,0,0,0,0,0,0,0,0,0,0,0,0,0,0,0,0,0,0,0,0,0,0,0,0,0,0,0,0,0,38,15,7,3,3,5,12,33,59,17,9,3,9,21,52,48,3,1,0,0,0,1,0,0,0,0,0,0,0,0,0,0,0,0,0,0,0,0,0,0,0,0,0,0,0,0,0,0,0,0,0,0,0,0,0,0,0,0,0,0,0,0,0,0,0,0,0,0,0,0,0,0,0,0,0,0,0,0,0
26,202,211,226,206,142,163,204,205,226,218,190,100,44,57,118,134,188,198,231,230,205,153,114,165,215,251,255,255,243,239,247,255,186,211,237,249,253,255,255,251,241,254,255,228,151,73,59,93,112,173,238,225,170,146,215,251,248,196,117,55,51,110,191,244,248,209,121,41,13,11,28,62,21,8,2,4,6,4,0,2,1,1,2,7,12,16,26,69,11,7,3,1,1,3,6,6,6,7,13,88,17,9,7,2,2,3,2,2,1,3,6,8,2,3,17,117,49,202,168,200,175,136,41,146,182,35,11,27,199,156,21,14,18,26,151,227,218,58,87,63,173,172,40,10,105,21,11,5,33,149,70,41,126,134,121,151,230,234,163,40,206,210,109,159,235,242,145,8,12,39,172,193,132,13,10,113,24,30,199,238,230,98,25,144,228,168,152,203,236,255,215,176,244,253,254,240,149,16,5,6,18,149,201,28,6,4,10,6,20,6,54,196,19,123,124,25,108,228,173,17,6,5,1,112,13,2,1,3,0,0,4,2,4,2,0,2,3,126,3,3,4,4,2,0,0,0,1,1,4,6,113,8,3,5,4,4,9,114,9,1,4,4,4,1,4,6,16,104,8,3,4,7,7,2,9,0,19,64,60,4,3,8,89,31,7,5,23,108,8,4,4,3,4,16,85,43,16,102,126,88,95,31,151,72,1,1,0,0,0,0,1,1,0,0,0,0,0,0,0,0,16,75,114,102,126,100,57,52,15,8,6,2,5,4,17,67,28,12,4,4,9,25,63,14,6,3,6,18,63,22,10,4,3,2,0,5,7,8,13,21,49,11,8,9,3,1,2,2,0,0,0,0,0,0,1,1,1,2,1,4,6,3,5,20,32,12,6,4,1,2,3,0,4,9,9,26,26,6,4
27,2,53,153,150,87,86,144,140,156,156,78,88,167,194,207,207,210,123,28,8,4,17,12,3,10,54,108,63,19,3,2,5,0,0,0,0,0,0,0,0,0,0,0,0,0,0,0,0,1,2,7,5,0,1,1,1,8,7,2,3,5,18,56,108,49,38,17,6,6,33,116,167,101,77,130,121,185,166,166,86,12,3,16,41,129,86,14,3,36,153,70,22,9,1,5,4,9,9,1,3,4,4,12,5,11,15,120,125,13,11,10,20,72,164,31,25,117,122,14,5,5,2,1,4,2,4,3,8,0,0,0,0,0,0,0,0,0,0,0,0,0,0,0,0,2,1,2,4,5,4,2,2,8,27,88,10,4,5,5,5,3,10,45,82,19,107,123,90,55,23,107,8,10,5,9,103,13,11,11,24,169,139,85,28,95,14,6,7,11,3,2,2,1,1,4,2,2,3,4,109,13,4,3,4,7,90,31,6,2,2,2,2,1,2,2,2,3,0,4,2,2,115,12,4,0,0,0,0,0,0,0,0,0,0,0,0,0,0,0,0,0,0,0,0,0,0,0,0,0,0,0,0,0,0,0,0,2,2,2,2,3,3,2,2,1,1,3,49,65,7,9,7,5,2,2,1,4,6,9,36,75,8,9,3,4,1,2,3,0,0,0,0,0,0,0,0,0,0,0,0,0,0,0,0,4,13,48,59,12,4,4,4,6,10,6,1,5,4,1,10,3,2,7,5,3,6,4,15,38,97,90,35,10,4,4,9,11,3,5,3,11,7,3,2,43,49,16,1,10,13,9,7,21,44,26,6,1,1,4,2,3,3,3,4,2,1,2,3,1,0,1,1,2,2,1,4,8,14,39,21,10,4,4,2,13,19,34,9,7,4,2,0,0,1,2,2,2,2,2
28,0,0,0,0,0,0,0,0,0,0,0,0,0,0,0,0,0,0,0,0,0,0,0,0,0,0,0,0,0,0,0,0,0,0,0,0,0,0,0,0,0,0,0,0,0,0,0,0,4,4,5,8,20,65,102,64,18,3,3,17,36,67,106,128,30,21,8,0,2,2,4,5,4,1,4,2,5,16,38,87,154,164,70,19,11,14,34,72,12,6,2,19,86,23,22,33,156,37,14,11,22,77,109,70,18,20,79,18,90,49,13,52,66,16,35,104,121,116,30,13,10,68,66,105,29,36,91,9,11,5,8,61,164,28,10,27,183,52,42,170,123,66,12,12,24,112,110,92,54,70,57,18,33,81,11,13,15,108,98,26,0,0,0,0,0,0,0,0,0,0,0,0,0,0,0,0,0,0,0,0,0,0,0,0,1,1,1,1,1,1,1,1,20,50,9,12,5,21,189,176,26,1,17,38,6,11,10,2,4,4,2,7,48,77,107,13,7,66,4,2,2,11,27,38,6,11,98,38,35,54,166,9,2,13,5,98,77,22,6,2,0,0,0,0,1,1,2,2,2,25,60,3,5,6,64,21,1,1,1,1,0,0,0,0,0,0,0,0,0,0,0,0,0,0,0,0,0,0,1,1,1,1,2,48,17,7,3,5,5,6,4,14,60,23,50,25,5,1,4,1,10,15,31,82,5,3,5,3,8,5,10,48,5,5,3,1,0,0,2,2,0,0,0,0,0,0,0,0,0,0,0,0,0,0,0,0,0,0,0,0,0,0,0,0,0,0,0,0,0,0,0,0,3,2,13,60,29,19,6,3,5,4,1,7,7,3,1,3,7,5,4,24,90,46,10,8,6,5,6,5,4,1,1,3,1,3,0,1,3,3,7,21,9,4,3,1,2,0,1
29,8,35,119,166,85,8,10,64,167,128,32,5,5,11,15,3,2,1,1,0,0,0,0,0,0,0,0,0,0,0,0,0,6,4,2,63,143,142,51,3,4,7,18,7,2,2,1,4,0,0,0,0,0,0,0,0,0,0,0,0,0,0,0,0,0,0,0,0,0,0,0,0,0,0,0,0,0,0,0,0,6,6,11,1,6,26,80,176,106,9,5,12,14,4,2,7,0,0,0,0,0,0,0,0,0,0,0,0,0,0,0,0,0,0,0,0,0,0,0,0,0,0,0,0,0,0,0,0,0,0,0,0,0,0,0,0,0,0,0,0,0,0,0,0,5,6,3,39,180,149,30,12,15,30,140,191,36,4,11,5,5,4,13,136,196,48,10,10,6,7,9,7,22,142,203,38,1,1,1,1,0,0,0,0,0,0,0,0,0,0,0,0,0,0,0,0,0,0,0,0,0,0,0,0,0,0,0,0,0,0,0,0,0,0,0,0,0,0,0,0,0,0,0,0,4,14,23,10,186,193,10,10,12,5,1,12,9,7,69,237,86,6,4,3,1,4,5,4,2,0,0,1,0,0,2,4,0,0,0,0,0,0,0,0,0,0,0,0,0,0,0,0,0,0,0,0,0,0,0,0,0,0,0,0,0,0,0,0,0,0,0,0,0,0,0,0,0,0,0,0,0,0,0,0,0,0,0,0,0,0,0,0,0,0,0,0,0,0,0,0,0,0,0,0,0,0,0,0,0,0,0,0,0,0,0,0,0,0,0,0,0,0,0,0,0,0,0,0,0,0,0,0,0,0,0,0,0,0,0,0,0,0,0,0,0,0,0,0,0,0,0,0,0,0,0,0,0,0,0,0,0,0,0,0,0,0,0,0,0,0,0,0,0,0,0,0,0,0,0
30,1,0,0,2,4,2,0,0,3,1,2,0,8,13,21,50,1,1,0,0,0,0,1,1,0,0,0,0,0,0,0,0,1,3,7,2,3,4,31,71,74,33,4,2,2,7,4,1,0,0,0,0,0,0,0,0,0,0,0,0,0,0,0,0,0,0,0,0,0,0,0,0,0,0,0,0,0,0,0,0,3,5,16,20,37,63,17,3,8,21,111,190,87,10,6,15,160,166,34,15,20,7,7,4,4,4,9,13,110,202,66,8,3,3,2,1,0,0,0,1,0,0,0,0,0,0,0,0,1,1,1,0,0,2,2,2,3,0,2,1,2,3,6,34,71,3,9,3,9,5,3,11,5,4,6,4,11,20,175,178,15,4,3,4,1,0,4,4,4,4,5,3,2,2,4,6,54,6,3,2,4,0,2,3,2,2,2,0,0,1,1,1,0,0,0,0,0,0,0,0,0,0,0,0,0,0,0,0,0,0,0,0,0,0,0,0,0,0,0,0,0,0,0,0,4,2,0,0,1,0,0,2,5,5,5,0,3,3,73,49,1,1,1,1,0,0,0,0,0,0,0,0,0,0,0,0,0,0,0,0,0,0,0,0,0,0,0,0,0,0,0,0,0,0,0,0,0,0,0,0,0,0,0,0,0,0,0,0,2,2,2,2,2,2,1,1,3,0,3,5,14,39,8,9,1,1,1,1,1,1,1,1,0,0,0,0,0,0,0,0,1,1,1,0,0,0,0,0,1,1,5,4,8,37,13,10,2,1,1,0,0,0,0,0,0,0,0,0,0,0,0,0,0,0,0,0,0,0,0,0,0,0,0,0,0,0,0,0,0,0,0,0,0,0,0,0,0,0,0,0,0,0,0,0,4,4,2,1,0,1,4,8,14,34,36,24,12,4,1
31,3,5,5,15,42,18,14,11,4,1,1,1,2,1,1,3,1,2,6,5,8,11,12,34,14,10,7,5,2,1,0,1,0,0,0,0,0,0,0,0,0,0,0,0,0,0,0,0,0,0,0,0,0,0,0,0,0,0,0,0,0,0,0,0,0,0,0,0,0,0,0,0,0,0,0,0,0,0,0,0,0,0,0,0,0,0,0,0,0,0,0,0,0,0,0,0,0,0,0,0,0,0,0,0,0,0,0,0,0,0,0,0,0,0,0,0,0,0,0,0,0,0,0,0,0,0,0,0,0,0,0,0,0,0,0,0,0,0,0,0,0,0,0,0,0,0,0,0,0,0,0,0,0,0,0,0,0,0,0,0,0,0,0,0,0,0,0,0,0,0,0,0,0,0,0,0,1,0,1,1,0,5,9,2,0,0,0,0,0,0,0,0,0,0,0,0,0,0,0,0,0,0,0,0,0,0,0,0,0,0,0,0,0,0,0,0,0,0,0,0,0,0,0,0,0,0,0,0,0,0,0,0,0,0,0,0,0,0,0,0,0,0,0,0,0,0,0,0,0,0,0,0,0,0,0,0,0,0,0,0,0,0,0,0,0,0,0,0,0,0,0,0,0,0,0,0,0,0,0,0,0,0,0,0,0,0,0,0,0,0,0,0,0,0,0,0,0,0,0,0,0,0,0,0,0,0,0,0,0,0,0,0,0,0,0,0,0,0,0,0,24,109,181,185,192,98,23,7,8,12,9,5,3,5,5,8,0,0,0,0,0,0,0,0,0,0,0,0,0,0,0,0,0,0,0,0,0,0,0,0,0,0,0,0,0,0,0,0,0,0,0,0,0,0,0,0,0,0,0,0,0,0,0,0,0,0,0,0,0,0,0,0,0,0,0,0,0,0,0
32,0,0,0,0,0,0,0,0,0,0,0,0,0,0,0,0,9,4,1,2,2,1,4,7,7,0,3,1,3,16,53,54,1,1,1,1,0,0,0,0,0,0,0,0,0,0,0,0,0,0,0,0,0,0,0,0,0,0,0,0,0,0,0,0,0,0,0,0,0,0,0,0,0,0,0,0,0,0,0,0,2,2,2,2,2,2,2,4,4,6,7,10,46,7,5,6,1,1,1,1,1,1,1,1,0,0,0,0,0,0,0,0,0,0,0,0,0,0,0,0,0,0,0,0,0,0,0,0,0,0,0,0,0,0,0,0,0,0,0,0,0,0,0,0,0,0,0,0,0,0,0,0,0,0,0,0,0,0,0,0,11,8,4,2,2,2,3,3,2,7,40,1,5,1,2,2,0,0,0,0,0,0,0,0,0,0,0,0,0,0,0,0,0,0,0,0,0,0,0,0,1,0,2,39,2,0,2,1,3,7,59,1,4,5,6,4,68,76,26,5,14,6,64,56,40,6,6,80,24,28,15,30,2,2,0,2,2,4,5,5,2,13,110,5,4,0,1,3,2,2,2,0,0,0,0,0,0,0,0,0,0,0,0,0,0,0,0,0,0,0,0,0,0,0,0,0,0,0,0,0,0,0,0,0,0,0,0,0,0,0,0,0,0,0,0,0,0,0,0,0,0,0,0,0,0,0,0,0,0,0,0,0,0,0,0,0,0,0,0,0,0,0,0,0,0,0,0,0,0,0,0,0,0,0,0,0,2,1,0,3,2,3,6,14,14,6,3,1,2,0,1,2,0,0,0,0,0,0,0,0,0,0,0,0,0,0,0,0,0,0,0,0,0,0,0,0,0,0,0,0,0,0,0,0,0,0,0,0,0,0,0,0,0,0,0,0,0,0,0
33,0,0,0,0,0,0,0,0,0,0,0,0,0,0,0,0,0,0,0,0,0,0,0,0,0,0,0,0,0,0,0,0,0,0,0,0,0,0,0,0,0,0,0,0,0,0,0,0,0,0,0,0,0,0,0,0,0,0,0,0,0,0,0,0,0,0,0,0,0,0,0,0,0,0,0,0,0,0,0,0,0,0,0,0,0,0,0,0,0,0,0,0,0,0,0,0,0,0,0,0,0,0,0,0,0,0,0,0,0,0,0,0,0,0,0,0,0,0,0,0,0,0,0,0,0,0,0,0,4,3,1,1,1,2,2,2,3,3,5,1,5,6,8,42,164,38,11,13,12,15,85,160,41,117,97,28,11,8,8,4,0,0,0,0,0,0,0,0,0,0,0,0,0,0,0,0,1,1,0,1,1,3,3,2,0,4,3,8,17,158,75,16,18,8,20,197,37,9,9,5,2,4,6,7,4,1,0,7,0,0,0,0,0,0,0,0,0,0,0,0,0,0,0,0,0,0,0,0,0,0,0,0,0,0,0,0,0,0,0,0,0,0,0,0,0,0,0,0,0,0,0,0,0,0,0,0,0,0,0,0,0,0,0,0,0,0,0,0,0,0,0,0,0,0,0,0,0,0,0,0,0,0,0,0,0,0,0,0,0,0,0,0,0,0,0,0,0,0,0,0,0,0,0,0,0,0,0,0,0,0,0,0,0,0,0,0,0,0,0,0,0,0,0,0,0,0,0,0,0,0,0,0,0,0,0,0,0,0,0,0,0,0,0,0,0,0,0,0,0,0,0,0,0,0,0,0,0,0,0,0,0,0,0,0,0,0,0,0,0,0,0,0,0,0,0,0,0,0,0,0,0,0,0,0,0,0,0,0,0,0,0,0,0,0,0,0,0,0,0
34,0,0,0,0,0,0,0,0,0,0,0,0,0,0,0,0,0,0,0,0,0,0,0,0,0,0,0,0,0,0,0,0,18,0,3,2,4,5,2,4,4,2,3,31,103,100,44,4,1,1,1,1,0,0,0,0,0,0,0,0,0,0,0,0,0,0,0,0,0,0,0,0,0,0,0,0,0,0,0,0,0,0,0,0,0,0,0,0,0,0,0,0,1,1,1,1,8,129,236,229,154,20,2,5,3,9,12,15,5,3,2,6,0,0,0,0,0,0,0,0,0,0,0,0,0,0,0,0,0,0,0,0,0,0,0,0,0,0,0,0,0,0,0,0,0,0,0,0,0,0,0,0,0,0,0,0,0,0,0,0,0,0,0,0,0,0,0,0,0,0,0,0,0,0,0,0,4,3,6,5,3,4,10,138,226,145,18,9,10,6,6,9,1,1,1,1,1,1,1,1,0,0,0,0,0,0,0,0,0,0,0,0,0,0,0,0,0,0,0,0,0,0,0,0,0,0,0,0,0,0,0,0,0,0,0,0,0,0,0,0,0,0,0,0,0,0,0,0,0,0,0,0,0,0,0,0,0,0,0,0,0,0,0,0,0,0,0,0,0,0,0,0,0,0,0,0,0,0,0,0,0,0,0,0,0,0,0,0,0,0,0,0,0,0,0,0,0,0,0,0,0,0,0,0,8,5,9,8,4,7,10,44,187,154,39,14,16,11,11,6,0,0,0,0,0,0,0,0,0,0,0,0,0,0,0,0,0,0,0,0,0,0,0,0,0,0,0,0,0,0,0,0,0,0,0,0,0,0,0,0,0,0,0,0,0,0,0,0,4,2,2,3,6,2,5,2,6,4,1,18,72,86,29,10,0,0,0,0,0,0,0,0,0,0,0,0,0,0,0
35,0,0,0,0,0,0,0,0,0,0,0,0,0,0,0,0,0,0,0,0,0,0,0,0,0,0,0,0,0,0,0,0,1,1,1,2,4,4,2,0,1,1,1,2,6,9,14,17,141,121,69,40,22,3,9,44,125,167,130,127,115,89,84,105,242,212,175,117,157,220,213,157,50,10,7,22,65,150,107,50,12,50,149,146,36,10,11,11,2,3,6,7,5,3,3,8,10,12,21,31,112,181,73,36,154,216,129,22,9,2,3,6,0,0,0,0,0,0,0,0,0,0,0,0,0,1,1,2,6,10,35,156,167,25,8,2,2,1,2,7,10,7,2,3,0,0,0,0,0,0,0,0,0,0,0,0,0,0,0,0,0,0,0,0,0,0,0,0,0,0,0,0,0,0,0,0,1,1,5,5,1,3,7,7,2,9,31,182,156,20,5,11,5,11,16,11,111,217,60,4,7,3,4,0,10,11,0,14,0,0,0,0,0,0,0,0,0,0,0,0,0,0,0,0,0,0,0,0,0,0,0,0,0,0,0,0,0,0,0,0,1,0,2,4,2,12,8,16,176,196,16,10,7,2,2,15,5,11,6,12,142,213,31,10,7,6,8,6,4,6,1,14,8,7,5,2,1,1,9,5,10,3,8,6,98,209,83,34,174,168,27,39,189,136,36,6,2,1,2,4,0,7,4,12,4,1,7,7,9,3,1,1,21,113,207,228,166,50,5,4,3,8,19,98,168,95,16,13,3,10,5,6,51,138,118,54,58,124,136,49,33,106,180,163,96,135,171,166,61,8,23,102,151,68,13,5,5,11,9,62,158,171,126,32,3,34,108,148,14,43,102,133,88,126,142,124,52,11,3,3,2,12,10,21,117,100,33,3,4,7,6,9,4,2,3,2,7,7,3
36,0,0,0,0,0,0,0,0,0,0,0,0,0,0,0,0,0,0,0,0,0,0,0,0,0,0,0,0,0,0,0,0,16,2,2,46,136,187,176,80,29,50,122,124,60,20,48,107,212,192,185,152,116,109,108,108,105,98,29,48,128,197,180,115,12,37,78,142,109,46,14,8,11,9,10,12,5,1,1,6,0,0,0,0,0,0,0,0,0,0,0,0,0,0,0,0,0,0,0,0,0,0,0,0,0,0,0,0,0,0,0,0,0,0,0,0,0,0,0,0,0,0,0,0,0,0,0,0,0,0,0,0,0,0,0,0,0,0,0,0,0,0,0,0,0,0,0,0,0,0,0,0,0,0,0,0,0,0,0,0,0,0,0,0,0,0,0,0,0,0,0,0,0,0,0,0,0,0,0,0,0,0,0,0,0,0,0,0,0,0,0,0,0,0,0,0,0,0,0,0,0,0,0,0,1,1,1,1,23,176,245,214,157,115,12,7,2,14,12,2,5,36,206,18,1,1,1,1,0,0,0,0,0,0,0,0,0,0,0,0,3,1,6,12,4,16,191,56,9,10,41,217,119,8,10,4,1,1,1,1,1,1,1,3,2,5,4,47,64,4,7,5,2,0,4,5,100,13,6,4,0,2,2,2,2,0,3,4,0,0,0,0,0,0,0,0,0,0,0,0,0,0,0,0,0,0,0,0,0,0,0,0,0,0,0,0,0,0,0,0,3,5,9,20,51,114,63,22,41,121,155,72,15,13,9,9,1,1,1,1,0,0,0,0,0,0,0,0,0,0,0,0,3,1,0,1,1,1,1,4,10,10,35,34,12,7,3,2,1,1,1,1,0,0,0,0,0,0,0,0,0,0,0,0,4,7,0,8,5,21,70,70,17,5,1,7,1,3,2
37,0,0,0,0,0,0,0,0,0,0,0,0,0,0,0,0,7,1,1,2,4,9,4,1,6,33,119,186,190,165,65,8,1,1,1,1,0,0,0,0,0,0,0,0,0,0,0,0,0,0,0,0,0,0,0,0,0,0,0,0,0,0,0,0,0,0,0,0,0,0,0,0,0,0,0,0,0,0,0,0,0,0,0,0,0,0,0,0,0,0,0,0,0,0,0,0,0,0,0,0,0,0,0,0,0,0,0,0,0,0,0,0,0,0,0,0,0,0,0,0,0,0,0,0,0,0,0,0,0,0,0,0,0,0,0,0,0,0,0,0,0,0,0,0,1,1,13,0,1,1,1,3,15,7,63,8,15,14,9,7,62,64,5,9,7,5,16,7,18,100,5,7,6,5,9,7,11,13,10,2,10,5,36,83,3,6,9,25,4,14,5,8,104,8,3,5,2,0,3,3,3,3,3,1,0,1,1,1,2,1,0,4,41,3,1,2,3,4,2,4,3,117,121,13,3,2,3,0,1,2,1,21,106,3,3,1,0,2,2,3,0,0,0,0,0,0,0,0,0,0,0,0,0,0,0,0,0,0,0,0,0,0,0,0,0,0,0,0,1,1,1,1,1,3,0,1,4,3,93,12,5,4,4,2,1,2,4,4,0,0,0,0,0,0,0,0,0,0,0,0,0,0,0,0,1,1,3,1,8,15,1,3,1,1,1,1,1,1,1,1,0,0,0,0,0,0,0,0,0,0,0,0,0,0,0,0,0,0,0,0,0,0,0,0,0,0,0,0,0,0,0,0,0,0,0,0,0,0,0,0,0,0,0,0,0,0,0,0,0,0,0,0,0,0,0,0,0,0,0,0,0,0,0,0,0,0,0,0,0,0,0,0,0,0,0,0,0,0,0
38,6,7,18,88,166,105,26,5,5,2,4,3,6,7,2,3,0,0,0,0,0,0,0,0,0,0,0,0,0,0,0,0,0,0,0,0,0,0,0,0,0,0,0,0,0,0,0,0,0,0,0,0,0,0,0,0,0,0,0,0,0,0,0,0,0,0,0,0,0,0,0,0,0,0,0,0,1,1,1,1,69,135,121,38,20,10,3,5,4,1,0,2,3,2,6,11,148,185,78,179,147,32,2,13,69,192,114,27,101,200,102,179,167,54,151,209,160,222,165,201,159,23,5,7,2,6,4,5,122,223,214,93,15,6,15,4,3,2,3,6,1,2,1,3,0,0,0,0,0,0,0,0,0,0,0,0,0,0,0,0,7,14,11,55,229,244,234,167,115,199,76,7,4,6,1,13,1,1,1,1,1,1,1,1,0,0,0,0,0,0,0,0,29,19,139,215,28,9,89,227,191,64,222,149,245,236,243,249,55,7,6,2,5,4,4,4,2,2,2,2,1,3,5,6,0,0,0,0,0,0,0,0,0,0,0,0,0,0,0,0,0,0,0,0,0,0,0,0,0,0,0,0,0,0,0,0,0,0,0,0,0,0,0,0,0,0,0,0,0,0,0,0,0,0,0,0,0,0,0,0,0,0,0,0,0,0,0,0,0,0,0,0,0,0,0,0,0,0,0,0,0,0,0,0,4,2,4,4,1,3,3,2,7,9,4,8,7,10,38,114,167,73,66,145,129,40,10,37,136,166,50,7,5,11,17,16,152,143,49,6,19,108,183,147,42,14,10,6,6,1,51,151,82,63,106,134,72,11,5,1,6,3,3,2,4,7,1,3,2,9,6,9,9,18,81,127,73,14,5,8,9,9,1,5,7,26,99,132,121,112,40,12,9,10,7,2,2,2,0
39,1,7,10,21,87,184,204,125,42,62,167,197,130,143,189,238,100,216,253,197,62,52,164,203,110,7,9,39,145,214,248,255,182,171,141,60,18,4,1,3,5,10,48,85,152,174,159,143,242,192,132,163,192,163,73,4,6,27,84,151,167,132,108,96,220,211,195,187,238,253,241,200,123,138,104,116,82,44,84,44,214,209,156,44,18,49,162,134,123,137,207,198,137,191,170,147,25,125,204,154,163,187,213,114,71,203,244,255,148,32,165,205,190,237,251,238,133,14,114,139,196,142,168,74,215,122,21,92,34,21,96,159,15,5,17,117,107,8,10,3,4,3,5,30,79,27,91,7,4,9,6,70,203,113,19,14,15,6,5,14,3,3,2,9,0,40,195,143,18,6,2,3,0,9,4,5,4,2,0,1,1,1,1,1,2,86,27,8,9,18,118,142,150,213,112,26,122,215,53,7,61,226,213,140,147,235,172,206,168,136,71,234,231,137,228,45,205,68,201,243,137,226,105,11,17,206,34,72,64,167,89,123,14,119,114,142,9,122,124,12,1,0,0,4,6,123,122,4,5,7,8,122,123,11,9,86,41,2,9,8,21,137,113,5,3,12,107,18,7,38,191,50,218,35,3,11,10,4,8,9,92,17,11,4,13,8,81,208,70,21,15,13,8,38,172,140,27,27,142,182,50,13,65,42,2,1,1,0,0,0,0,0,0,0,0,0,0,0,0,0,16,14,32,58,15,27,92,163,102,31,5,5,4,7,0,14,2,3,5,18,51,109,50,52,44,41,89,81,25,4,3,4,59,19,4,18,77,61,48,15,45,120,101,85,61,50,11,10,55,24,4,9,9,28,79,120,68,21,50,24,10,3,28,40,6,1,6,16,42,21,18,33,13,16,32,13,9,26,14
40,154,211,246,255,252,242,249,252,255,255,246,187,79,51,152,224,211,101,24,65,206,234,195,134,189,238,233,208,193,231,249,255,237,173,92,118,156,194,234,247,221,144,40,3,45,151,223,254,246,177,70,4,4,31,107,199,238,236,185,88,47,86,184,240,66,38,45,101,139,75,54,100,201,248,244,200,117,187,205,182,249,199,86,86,192,240,241,139,25,4,36,170,220,207,114,196,212,186,235,213,142,58,182,252,255,233,206,165,246,255,246,227,168,223,217,132,136,129,103,128,18,10,5,5,5,2,4,6,3,5,2,6,2,44,181,46,113,8,10,17,166,196,201,240,255,244,211,52,13,87,197,105,139,97,64,214,220,157,129,204,95,166,218,130,143,123,35,99,12,6,4,55,181,75,212,148,214,140,115,101,62,157,144,196,128,129,228,240,162,229,191,169,100,129,124,16,27,16,164,229,90,52,219,138,119,106,213,143,54,8,5,10,2,5,2,4,72,110,167,10,13,7,6,121,128,21,193,50,5,45,80,5,6,118,127,5,2,4,4,11,10,144,117,5,5,6,8,9,121,1,47,243,253,246,154,94,55,13,65,222,203,32,21,195,30,19,81,170,160,89,15,12,144,198,49,192,195,187,75,4,3,4,5,9,32,187,236,245,225,157,194,28,10,24,159,83,50,139,151,33,19,6,21,91,184,73,18,7,71,214,244,225,137,44,78,120,26,12,11,4,7,3,7,46,44,36,81,111,98,146,101,60,140,124,145,144,151,89,24,4,6,6,50,51,50,73,61,42,112,124,95,26,70,15,1,6,7,4,4,4,39,69,37,55,66,71,23,5,6,17,80,103,111,63,27,48,19,13,14,24,72,48,72,100,6,1,10,23,75,89,103,55,53,16,45,37,86,112,108
41,8,6,34,109,194,196,148,166,228,255,255,234,206,203,200,189,241,237,244,255,255,247,212,200,221,246,252,249,255,249,210,167,40,119,214,229,210,195,229,248,252,255,249,245,223,201,216,232,198,213,225,216,195,162,144,180,182,140,90,118,177,226,203,168,86,43,33,86,126,141,169,111,120,165,137,172,227,227,194,82,72,163,200,205,199,212,184,224,236,255,254,240,216,131,102,190,171,53,23,8,10,1,5,4,7,10,4,5,9,81,136,40,2,2,2,1,1,1,1,1,1,1,0,0,0,0,1,1,8,6,84,190,184,201,148,149,232,255,255,242,226,132,181,224,238,233,185,223,199,101,111,219,230,230,191,220,223,189,227,245,255,226,97,17,117,140,201,71,102,177,191,182,53,95,113,32,139,210,79,183,239,250,244,128,39,192,125,124,66,81,179,150,129,153,220,144,138,17,6,116,114,139,164,138,131,117,19,115,88,183,132,41,108,133,105,112,29,7,70,64,55,201,133,35,241,229,50,74,74,175,233,148,250,240,29,97,231,190,138,136,178,222,136,10,107,159,104,238,184,11,37,127,229,28,98,28,4,13,60,68,4,7,20,120,18,9,77,162,14,13,16,8,23,115,23,113,111,15,9,6,5,5,12,94,9,11,12,46,107,95,44,99,9,6,5,3,22,98,65,72,10,7,8,62,40,20,8,7,0,1,5,6,4,4,4,3,3,1,0,0,2,2,2,3,4,3,1,0,2,1,4,1,8,12,19,50,47,9,3,2,10,32,58,15,14,26,62,20,8,23,78,96,54,68,15,6,9,7,4,5,2,13,32,55,8,6,4,21,61,17,1,6,2,7,16,30,34,11,20,37,81,37,10,4,4,48,95,44,7,3,22,63,63,26,25,32,29,2,1
42,2,1,5,2,9,32,88,193,231,255,255,235,205,193,199,189,175,133,124,199,225,206,138,170,222,255,220,117,29,31,100,158,73,32,24,80,197,255,251,199,132,80,80,101,111,98,145,182,138,206,222,184,91,54,105,193,234,252,251,250,247,226,205,202,207,191,172,137,203,238,254,238,197,119,100,152,105,176,126,73,178,162,217,236,224,115,25,26,129,219,224,116,145,107,178,228,220,179,211,178,146,212,205,125,152,105,43,172,55,126,225,241,170,34,13,36,195,132,24,5,14,5,12,6,2,8,17,104,229,166,53,160,175,50,133,140,209,173,205,154,153,214,217,130,44,189,176,232,188,198,177,127,22,42,189,159,157,196,53,11,132,164,145,137,206,152,219,160,171,187,155,230,245,237,145,123,121,122,156,30,13,48,174,32,110,23,95,146,238,196,137,38,127,210,52,218,155,129,126,36,179,243,238,137,142,229,242,245,78,142,175,231,115,16,123,119,242,249,145,231,96,158,214,19,23,223,255,249,194,194,249,249,231,14,19,218,160,12,66,198,181,243,240,18,13,122,98,192,29,161,204,151,135,124,240,248,49,10,4,3,2,6,4,2,5,6,15,104,11,7,8,14,242,221,51,113,117,33,23,118,67,29,102,32,8,9,63,20,4,6,8,5,5,2,17,66,10,14,89,32,16,1,2,16,127,56,13,41,86,89,23,22,56,25,8,11,53,64,15,9,61,132,120,131,116,101,135,68,52,67,21,47,125,74,39,42,8,25,52,58,7,2,4,4,5,2,10,10,2,3,28,82,129,45,9,16,82,87,31,7,10,53,39,2,8,7,35,89,96,94,94,74,34,4,3,3,27,50,49,35,50,49,65,60,16,2,7,19,81,105,73,82,34,23,47,27,39,27,36
43,249,243,226,166,136,215,246,213,110,49,133,224,245,208,205,215,255,253,249,235,218,186,219,252,254,204,100,47,74,138,109,44,8,22,83,179,185,179,136,124,139,91,32,3,5,20,53,90,212,137,44,2,4,5,5,16,47,106,135,74,23,4,5,28,180,218,213,154,99,144,164,133,183,223,247,249,221,181,215,233,109,90,180,231,253,255,248,195,58,113,226,255,255,240,239,251,221,140,61,191,254,255,252,242,248,255,255,255,255,255,255,248,252,255,254,252,249,229,80,198,220,172,244,239,226,135,51,193,117,40,102,200,98,166,239,226,47,100,199,180,69,151,200,136,9,23,133,227,235,234,162,171,89,226,249,250,230,150,201,86,3,11,128,124,157,206,35,21,12,14,81,225,240,224,49,97,240,255,255,230,89,66,215,210,33,11,16,4,4,5,4,7,31,33,237,241,171,201,172,189,88,7,16,13,19,221,249,255,226,79,12,12,7,7,21,202,143,23,81,238,241,220,158,121,114,40,217,234,64,14,7,151,226,20,2,20,9,1,3,7,8,142,112,7,8,95,228,60,9,7,6,2,4,12,5,4,31,12,180,198,20,18,11,4,4,4,11,5,4,5,2,8,25,101,9,104,35,160,171,89,230,232,216,56,109,215,210,104,3,7,6,9,17,106,197,156,33,6,4,6,5,12,5,10,3,3,3,7,5,22,62,160,43,5,4,36,145,163,51,5,54,125,61,102,121,38,8,5,35,117,153,107,153,80,22,7,7,33,88,146,93,23,7,8,2,26,68,113,38,0,5,7,5,1,7,7,5,4,4,11,33,95,44,15,3,3,3,4,9,7,10,5,8,21,97,82,68,10,4,8,11,6,1,8,43,14,7,4,1,5,1,2,0,1,3,3,2,2,2
44,2,39,128,176,168,207,244,255,249,239,248,255,255,246,233,229,55,63,93,138,107,98,156,131,60,78,185,249,255,243,243,255,232,255,255,163,50,71,195,255,255,240,237,224,154,149,209,255,255,251,246,240,231,186,150,190,234,255,255,249,246,235,206,184,208,205,189,191,183,223,196,83,25,79,202,220,132,70,188,255,219,155,42,11,30,150,234,242,199,65,44,167,230,216,112,164,90,55,193,163,72,152,140,38,15,3,6,12,45,186,143,28,26,120,77,48,153,209,31,23,197,254,253,242,211,163,205,47,4,17,161,136,192,154,101,40,201,173,202,134,122,122,199,122,148,124,126,209,156,157,37,121,166,241,245,234,172,201,144,39,210,218,134,87,98,20,25,121,127,120,105,27,153,208,45,101,191,53,36,168,165,33,50,188,38,118,108,20,109,10,49,101,90,18,30,188,134,21,78,121,189,163,123,217,153,105,39,116,21,151,211,106,104,13,6,98,125,11,18,177,223,101,105,21,87,96,37,77,233,79,9,33,103,8,124,211,120,58,41,1,1,2,121,18,122,50,20,3,1,3,5,6,5,1,1,2,19,78,228,124,145,17,64,13,8,59,15,168,69,8,2,4,1,1,1,0,1,1,1,1,1,3,3,6,68,37,10,8,4,6,10,3,5,3,18,64,38,10,43,67,10,4,4,5,3,8,18,58,83,7,10,13,25,78,61,12,3,2,11,46,29,64,33,20,24,25,4,2,0,4,1,1,5,6,9,23,19,11,7,17,34,6,7,9,16,4,7,4,16,3,7,6,43,9,4,1,10,31,49,17,11,38,30,41,54,76,39,54,3,9,25,27,71,80,59,39,9,9,25,46,47,27,7,4,9,4,4,4,6,8,21,57,57,64,23,8,1,5,0
45,13,32,84,115,49,57,151,156,44,27,125,217,203,163,144,127,244,209,176,134,179,129,33,10,21,87,161,171,187,145,74,53,62,42,14,23,74,155,177,175,120,42,7,4,14,31,35,20,5,77,167,169,91,19,7,5,4,26,60,38,16,1,2,9,7,25,87,89,32,24,32,79,53,128,174,194,198,121,25,3,23,60,51,69,24,30,80,18,8,20,101,138,31,8,10,6,18,83,22,20,91,62,43,9,5,3,11,12,15,97,11,14,31,113,105,15,4,2,1,1,0,2,4,5,4,2,1,3,5,70,66,155,77,10,5,8,3,2,3,2,4,6,4,4,11,29,166,34,6,4,57,103,75,14,20,97,11,7,110,137,167,111,168,199,141,143,165,42,5,3,50,74,19,89,10,6,89,26,8,4,16,116,190,24,3,91,42,176,56,6,13,112,9,90,8,6,17,4,96,118,15,4,68,9,4,19,106,7,14,1,3,3,5,8,17,211,146,16,4,41,6,3,13,63,1,3,78,44,1,2,0,8,39,2,1,4,1,3,1,3,42,173,91,133,5,57,124,1,2,2,3,3,2,2,3,13,57,46,50,10,16,39,6,5,11,4,81,198,58,10,7,4,3,2,0,1,3,3,2,2,9,9,86,25,36,23,49,5,7,5,1,5,1,12,51,67,48,12,4,1,2,8,26,87,1,8,42,14,37,18,18,74,17,8,1,1,2,1,2,3,1,1,4,9,33,36,11,10,5,2,1,1,1,0,2,4,11,70,65,68,14,6,5,6,11,6,4,7,4,5,6,4,45,78,45,15,10,1,5,2,3,4,5,7,4,1,3,4,2,16,51,20,2,3,7,28,30,6,3,9,39,21,10,6,37,19,26,43,8,2,3,3,8,5,7,5,6,11,65
46,5,2,9,7,6,5,14,4,4,12,64,153,126,49,7,5,4,2,12,12,7,25,73,106,49,11,17,62,147,128,45,4,0,0,0,0,0,0,0,0,0,0,0,0,0,0,0,0,4,3,7,5,2,3,2,2,9,9,4,1,6,19,56,116,130,68,27,5,2,5,6,5,2,3,4,3,7,5,1,3,0,0,0,0,0,0,0,0,0,0,0,0,0,0,0,0,0,0,0,0,0,0,0,0,0,0,0,0,0,0,0,0,4,5,4,6,9,97,16,5,4,4,4,4,5,5,5,5,0,0,0,0,0,0,0,0,0,0,0,0,0,0,0,0,5,13,11,9,36,119,105,7,5,9,1,14,107,123,24,8,4,4,4,7,7,22,96,9,3,7,7,9,8,39,190,46,93,33,9,11,53,63,7,4,2,2,1,73,43,5,4,4,4,2,1,3,3,3,2,2,4,7,4,1,2,9,18,183,56,8,5,2,7,5,6,2,6,76,53,13,42,90,112,9,105,31,11,86,3,2,6,2,5,116,11,2,4,1,3,4,0,0,0,0,0,0,0,0,0,0,0,0,0,0,0,0,0,0,0,0,0,0,0,0,0,0,0,0,0,0,0,0,0,0,0,0,0,0,0,0,0,0,0,0,0,0,0,0,0,0,0,0,0,0,0,0,0,0,0,0,0,0,0,0,0,0,0,0,0,0,0,0,0,0,0,0,0,0,0,0,0,0,0,0,0,0,0,0,0,0,0,0,0,0,0,0,0,0,0,0,0,0,0,0,0,0,0,0,0,0,0,0,0,0,0,0,0,0,0,0,0,0,0,0,0,0,0,0,4,3,3,6,19,70,71,34,13,4,4,5,8,7,1,5,0,0,0,0,0,0,0,0,0,0,0,0,0,0,0
47,0,0,0,0,0,0,0,0,0,0,0,0,0,0,0,0,7,0,1,4,7,1,2,1,8,8,8,25,99,103,41,4,3,1,9,12,5,1,2,8,27,50,35,13,3,1,3,5,7,5,1,12,35,61,28,9,2,5,10,3,3,3,2,18,0,0,0,0,0,0,0,0,0,0,0,0,0,0,0,0,0,0,0,0,0,0,0,0,0,0,0,0,0,0,0,0,0,0,0,0,0,0,0,0,1,1,1,1,1,1,1,1,6,3,8,12,19,111,133,120,23,7,8,6,5,15,65,5,0,0,1,1,1,1,0,0,0,0,0,0,0,0,0,0,0,0,0,0,0,0,0,0,0,0,0,0,0,0,0,0,9,75,204,110,13,6,3,2,6,8,1,6,4,4,5,1,0,0,0,0,0,0,0,0,0,0,0,0,0,0,0,0,8,12,14,18,108,216,163,22,7,3,2,5,4,2,1,12,1,1,1,1,1,1,0,0,0,0,1,2,1,1,4,10,212,29,7,3,3,4,6,4,2,1,1,1,0,1,2,4,0,0,0,0,0,0,0,0,0,0,0,0,0,0,0,0,0,0,0,0,0,0,0,0,0,0,0,0,0,0,0,0,0,0,0,0,0,0,0,0,0,0,0,0,0,0,0,0,0,0,0,0,0,0,0,0,0,0,0,0,0,0,0,0,0,0,0,0,0,0,0,0,0,0,0,0,0,0,0,0,0,0,0,0,0,0,0,0,0,0,0,0,0,0,0,0,0,0,0,0,0,0,1,1,1,2,3,5,5,5,6,7,61,26,14,8,3,3,1,1,0,1,3,3,2,2,2,2,0,0,0,0,0,0,0,0,0,0,0,0,0,0,0,0,0,0,0,0,0,0,0,0,0,0,0,0,0,0,0
48,0,0,0,0,0,0,0,0,0,0,0,0,0,0,0,0,0,0,0,0,0,0,0,0,0,0,0,0,0,0,0,0,4,2,0,0,2,1,1,5,10,23,14,11,9,4,2,1,4,2,2,4,3,2,4,8,3,3,3,3,2,2,2,2,0,0,0,0,0,0,0,0,0,0,0,0,0,0,0,0,1,2,2,4,4,9,12,4,9,58,113,186,78,6,11,16,2,1,5,6,5,7,8,4,6,19,55,186,132,26,7,5,0,0,1,1,1,1,0,0,0,0,0,0,0,0,0,0,0,0,0,0,0,0,0,0,0,0,0,0,0,0,0,0,0,0,0,0,0,0,1,1,1,5,3,36,3,3,1,2,0,0,0,0,0,0,0,0,0,0,0,0,0,0,0,0,0,0,0,0,0,0,0,0,0,0,0,0,0,0,0,0,0,0,0,0,0,0,0,0,0,0,0,0,0,0,0,0,0,0,0,0,0,0,0,0,0,0,0,0,0,0,0,0,0,0,0,0,0,0,0,0,0,0,0,0,0,0,0,0,0,0,0,0,0,0,0,0,0,0,0,0,0,0,0,0,0,0,0,0,0,0,0,0,0,0,0,0,0,0,0,0,7,4,12,9,4,8,5,9,19,129,221,142,142,19,5,2,0,0,0,0,0,0,0,0,0,0,0,0,0,0,0,0,12,1,3,4,5,2,5,21,98,118,34,3,7,1,9,5,2,3,7,7,6,14,59,133,148,55,21,4,8,7,5,4,0,0,0,0,0,0,0,0,0,0,0,0,0,0,0,0,0,0,0,0,0,0,0,0,0,0,0,0,0,0,0,0,3,1,6,6,13,46,16,7,4,1,2,2,2,1,2,4,0,0,0,0,0,0,0,0,0,0,0,0,0,0,0
49,2,2,4,1,3,3,9,11,1,6,4,19,60,133,124,63,1,1,1,1,1,1,1,1,0,0,0,0,0,0,0,0,0,0,0,0,0,0,0,0,0,0,0,0,0,0,0,0,0,0,0,0,0,0,0,0,0,0,0,0,0,0,0,0,7,3,16,77,161,124,41,3,9,5,3,3,3,7,4,8,0,0,0,0,0,0,0,0,0,0,0,0,0,0,0,0,0,0,0,0,0,0,0,0,0,0,0,0,0,0,0,0,0,0,2,0,2,0,17,2,1,1,1,1,0,0,0,0,0,0,0,0,0,0,0,0,0,0,0,0,0,0,0,0,0,0,0,0,0,0,0,0,0,0,0,0,0,0,0,0,0,2,2,4,2,0,2,5,68,94,57,12,5,5,3,5,0,0,0,0,0,0,0,0,0,0,0,0,0,0,0,0,0,0,0,0,0,0,0,0,0,0,0,0,0,0,0,0,0,0,0,0,0,0,0,0,0,0,0,0,0,0,0,0,1,0,2,0,3,44,83,7,121,4,1,5,0,1,1,1,1,1,1,1,1,1,1,1,0,0,0,0,0,0,0,0,0,0,0,0,0,0,0,0,0,0,0,0,0,0,0,0,0,0,0,0,0,0,0,0,0,0,0,0,0,0,0,0,0,0,0,0,0,0,0,0,0,0,0,0,0,0,0,0,0,0,0,0,0,0,0,0,0,0,0,0,0,0,0,0,0,0,0,0,0,0,0,0,0,0,0,0,0,0,0,0,0,0,0,0,0,0,0,0,0,0,0,0,0,0,0,0,0,0,0,0,0,0,0,0,0,0,0,0,0,0,0,0,0,0,0,0,0,0,0,0,0,0,0,0,0,0,0,0,0,0,0,0,0,0,0,0,0,0,0,0,0,0,0
50,0,0,0,0,0,0,0,0,0,0,0,0,0,0,0,0,0,0,0,0,0,0,0,0,0,0,0,0,0,0,0,0,0,0,0,0,0,0,0,0,0,0,0,0,0,0,0,0,0,0,0,0,0,0,0,0,0,0,0,0,0,0,0,0,3,4,6,1,2,23,70,46,3,5,2,19,12,1,1,1,0,0,0,0,0,0,0,0,0,0,0,0,0,0,0,0,0,0,0,0,0,0,0,0,0,0,0,0,0,0,0,0,0,0,0,0,0,0,0,0,0,0,0,0,0,0,0,0,1,5,4,45,69,8,5,2,2,4,5,5,4,1,2,3,5,4,2,1,2,2,1,0,8,4,9,5,4,7,97,15,0,0,0,0,0,0,0,0,0,0,0,0,0,0,0,0,0,0,0,0,0,0,0,0,0,0,0,0,0,0,0,0,0,0,0,0,0,0,0,0,0,0,0,0,0,0,0,0,1,2,1,9,13,5,2,8,9,7,79,227,84,8,2,7,2,2,1,1,1,1,2,2,2,9,1,96,33,2,2,1,1,1,1,1,1,1,1,1,0,0,0,0,1,1,1,1,2,7,45,78,16,14,5,9,103,160,19,18,11,3,2,12,26,26,203,67,13,70,218,195,22,14,2,14,7,14,10,22,177,188,99,47,193,54,12,9,7,10,4,4,5,2,3,12,5,2,11,10,9,24,91,96,28,5,2,8,82,36,13,13,1,1,1,1,0,0,0,0,0,0,0,0,0,0,0,0,0,0,0,0,0,0,0,0,0,0,0,0,0,0,0,0,0,0,0,0,0,0,0,0,0,0,0,0,0,0,0,0,0,0,0,0,0,0,0,0,0,0,0,0,0,0,0,0,0,0,0,0,0,0,0,0,0,0,0,0,0,0,0
51,7,6,4,52,141,141,46,9,6,12,8,3,2,1,2,3,0,0,0,0,0,0,0,0,0,0,0,0,0,0,0,0,0,0,0,0,0,0,0,0,0,0,0,0,0,0,0,0,0,0,0,0,0,0,0,0,0,0,0,0,0,0,0,0,0,0,0,0,0,0,0,0,0,0,0,0,0,0,0,0,0,0,0,0,0,0,0,0,0,0,0,0,0,0,0,0,0,0,0,0,0,0,0,0,0,0,0,0,0,0,0,0,0,0,0,0,0,0,0,0,0,0,0,0,0,0,0,0,0,0,0,0,0,0,0,0,0,0,0,0,0,0,0,0,0,0,0,0,0,0,0,0,0,0,0,0,0,0,0,0,0,0,0,0,0,0,0,0,0,0,0,0,0,0,0,0,0,0,0,0,0,0,0,0,0,0,0,0,0,0,0,0,0,0,0,0,0,0,0,0,0,0,0,0,0,0,0,0,0,0,0,0,0,0,0,0,0,0,0,0,0,0,0,0,0,0,0,0,0,0,0,0,0,0,0,0,0,0,0,0,0,0,0,0,0,0,0,0,0,0,0,0,0,0,0,0,0,0,0,0,0,0,0,0,0,0,0,0,0,0,0,0,0,0,0,0,0,0,0,0,0,0,0,0,0,0,0,0,0,0,0,0,0,0,0,0,0,0,0,0,0,0,0,0,0,0,0,0,0,0,0,0,0,0,0,0,0,0,0,0,0,0,0,0,0,0,0,0,0,0,0,0,0,0,0,0,2,2,2,2,3,2,0,1,1,2,4,0,8,10,20,64,12,9,5,3,1,1,0,1,1,1,1,0,0,1,1,1,0,0,0,0,0,0,0,0,0,0,0,0,0,0,0,0,0,0,0,0,0,0,0,0,0,0,0,0,0,0,0
52,0,0,0,0,0,0,0,0,0,0,0,0,0,0,0,0,0,0,0,0,0,0,0,0,0,0,0,0,0,0,0,0,0,0,0,0,0,0,0,0,0,0,0,0,0,0,0,0,0,0,0,0,0,0,0,0,0,0,0,0,0,0,0,0,0,0,0,0,0,0,0,0,0,0,0,0,0,0,0,0,0,0,0,0,0,0,0,0,0,0,0,0,0,0,0,0,0,0,0,0,0,0,0,0,0,0,0,0,0,0,0,0,0,0,0,0,0,0,0,0,0,0,0,0,0,0,0,0,0,0,0,0,0,0,0,0,0,0,0,0,0,1,1,2,9,46,12,2,1,3,1,1,3,6,45,7,3,0,6,4,0,0,0,0,0,0,0,0,0,0,0,0,0,0,0,0,0,0,0,0,0,0,0,0,0,0,0,0,0,0,0,0,0,0,0,0,0,0,0,0,0,0,0,0,0,0,0,0,0,0,0,0,0,0,0,0,0,0,0,0,0,0,0,0,0,0,0,0,0,0,0,0,5,52,1,2,0,2,0,1,60,2,1,1,2,0,2,0,0,0,0,0,0,0,0,0,0,0,0,0,0,0,0,0,0,0,0,0,0,0,0,0,0,0,0,0,0,0,0,0,0,0,0,0,0,0,0,0,0,0,0,0,0,0,0,0,0,0,0,0,0,0,0,0,0,0,0,0,0,0,0,0,0,0,0,0,0,0,0,0,5,7,6,21,19,1,1,1,1,1,0,0,0,0,0,0,0,0,0,0,0,0,0,0,0,0,0,0,0,0,0,0,2,2,4,10,10,31,12,8,3,0,1,2,1,0,1,3,0,0,0,0,0,0,0,0,0,0,0,0,0,0,0,0,0,0,0,0,0,0,0,0,0,0,0,0,0,0,0
53,4,5,4,2,3,3,5,11,3,3,4,28,71,138,123,61,112,140,93,31,14,7,5,9,9,5,4,3,1,1,4,9,0,0,0,0,0,0,0,0,0,0,0,0,0,0,0,0,0,0,0,0,0,0,0,0,0,0,0,0,0,0,0,0,0,0,0,0,0,0,0,0,0,0,0,0,0,0,0,0,0,0,0,0,0,0,0,0,0,0,0,0,0,0,0,0,10,8,5,3,6,30,171,169,36,7,12,14,4,3,4,7,4,6,26,136,199,40,12,9,7,17,76,200,102,11,4,4,1,1,1,1,1,1,1,1,0,0,0,0,0,0,0,0,4,3,3,10,6,89,192,97,18,10,6,0,4,12,6,7,1,4,7,6,17,124,188,59,14,2,5,2,6,5,3,11,0,0,0,0,0,0,0,0,0,0,0,0,0,0,0,0,0,0,0,0,0,0,0,0,0,0,0,0,0,0,0,0,0,0,0,0,0,0,0,0,0,0,0,0,0,0,0,0,0,0,0,0,0,0,0,0,0,0,0,0,0,0,0,0,2,5,7,1,3,3,2,9,4,5,2,5,8,21,214,157,8,8,6,7,8,8,7,7,11,13,186,181,22,11,11,8,6,1,5,0,5,4,24,146,190,35,4,10,3,9,7,5,1,6,2,9,6,36,175,173,123,179,85,44,69,174,110,28,13,5,4,68,187,150,168,209,182,218,210,183,145,182,93,20,0,0,0,0,0,0,0,0,0,0,0,0,0,0,0,0,7,3,11,13,7,5,5,45,135,159,126,139,83,40,41,78,144,62,12,11,46,110,116,42,8,13,13,5,7,8,61,134,72,34,15,1,2,7,4,7,8,5,3,5,5,3,5,9,0,0,0,0,0,0,0,0,0,0,0,0,0,0,0
54,0,0,0,0,0,0,0,0,0,0,0,0,0,0,0,0,0,0,0,0,0,0,0,0,0,0,0,0,0,0,0,0,0,0,0,0,0,0,0,0,0,0,0,0,0,0,0,0,0,0,0,0,0,0,0,0,0,0,0,0,0,0,0,0,0,0,0,0,0,0,0,0,0,0,0,0,0,0,0,0,0,0,0,0,0,0,0,0,0,0,0,0,1,1,1,1,3,40,194,145,27,4,4,3,4,18,123,151,206,148,50,165,243,223,110,12,5,2,1,9,2,13,74,207,199,37,7,4,11,1,4,4,5,4,1,2,14,107,194,69,15,13,11,8,0,0,0,0,0,0,0,0,0,0,0,0,0,0,0,0,0,0,0,0,0,0,0,0,0,0,0,0,0,0,0,0,3,2,0,4,5,4,3,1,4,8,15,172,46,8,4,3,2,1,1,0,0,0,0,0,0,0,0,0,1,1,1,1,13,12,153,91,4,18,12,2,4,3,6,13,8,2,2,2,2,6,5,75,173,14,2,16,7,1,1,4,4,0,0,5,3,25,19,6,113,233,45,13,7,5,2,21,214,16,103,149,7,3,8,43,185,15,7,4,2,3,5,5,3,1,4,5,0,0,0,0,0,0,0,0,0,0,0,0,0,0,0,0,11,10,23,25,140,215,157,93,133,26,4,8,3,4,8,7,11,18,34,104,60,33,68,173,116,27,8,5,5,5,5,12,4,2,6,3,2,2,0,4,3,6,32,108,180,179,178,147,126,23,7,24,106,105,26,5,4,4,13,13,54,118,46,3,4,7,7,5,5,15,51,99,28,4,4,5,11,28,102,142,21,10,1,3,5,5,4,3,4,4,27,69,101,49,16,3,4,57,138,149,98,18,6,5,32,80,56,14,5,5,5
55,0,0,0,0,0,0,0,0,0,0,0,0,0,0,0,0,0,0,0,0,0,0,0,0,0,0,0,0,0,0,0,0,0,0,0,0,0,0,0,0,0,0,0,0,0,0,0,0,0,0,0,0,0,0,0,0,0,0,0,0,0,0,0,0,0,0,0,0,0,0,0,0,0,0,0,0,0,0,0,0,0,0,0,0,0,0,0,0,0,0,0,0,0,0,0,0,0,0,0,0,0,0,0,0,0,0,0,0,0,0,0,0,0,0,0,0,0,0,0,0,0,0,0,0,0,0,0,0,0,0,0,0,0,0,0,0,0,0,0,0,0,0,0,0,0,0,0,0,0,0,0,0,0,0,0,0,0,0,0,0,0,0,0,0,0,0,0,0,0,0,0,0,0,0,0,0,0,0,0,0,0,0,0,0,0,0,0,0,0,0,0,0,0,0,0,0,1,1,1,1,0,13,27,0,2,1,0,0,2,2,2,2,2,2,1,1,1,0,3,38,54,3,1,3,1,1,1,1,0,0,0,0,0,5,53,8,2,2,0,0,5,2,2,1,1,0,2,8,119,3,1,3,0,4,3,4,0,0,0,0,0,0,0,0,0,0,0,0,0,1,1,2,17,94,24,5,2,2,1,3,2,3,4,4,3,0,1,2,5,1,4,6,0,4,3,8,30,132,79,21,3,3,2,5,0,0,0,0,0,0,0,0,0,0,0,0,0,0,0,0,2,2,1,3,2,10,41,67,27,4,6,15,73,41,8,6,8,3,2,2,4,3,5,7,4,11,47,108,127,55,20,6,25,57,21,11,4,1,1,3,3,3,4,4,2,1,2,3,7,3,1,4,6,6,5,2,3,5,21,64,73,32,6,9,10,43,83,39,8,8,5,3,11,4,4,5,2,3,6
56,0,0,0,0,0,0,0,0,0,0,0,0,0,0,0,0,3,31,70,38,6,2,4,4,14,7,1,2,1,4,5,4,1,4,7,4,18,59,116,65,16,5,2,9,21,28,59,101,47,17,5,1,22,42,60,21,13,23,52,34,22,5,0,2,8,9,16,23,54,16,11,4,1,3,4,20,44,111,159,104,76,43,9,1,2,5,7,5,2,5,49,59,74,90,108,26,25,86,21,12,1,1,3,1,2,2,3,5,3,1,1,2,1,1,0,1,3,2,1,3,8,109,17,4,7,1,2,43,14,3,1,4,1,1,2,0,0,0,1,1,1,1,1,1,0,0,0,0,0,0,0,0,0,0,0,0,0,0,0,0,1,1,1,3,4,3,1,2,5,18,100,11,4,1,7,8,4,2,0,2,3,3,2,1,2,5,4,0,4,5,16,140,97,11,2,8,5,2,5,4,7,6,7,134,211,42,10,7,1,1,1,1,0,0,0,0,0,0,0,0,1,1,1,1,2,62,28,1,2,3,2,10,4,1,1,5,9,8,184,206,16,28,226,17,11,100,157,7,2,10,3,3,6,15,7,7,114,6,4,2,2,3,1,10,19,183,63,27,155,89,31,121,123,18,8,16,85,197,79,14,7,16,46,188,134,21,9,1,1,1,1,1,1,1,1,1,0,0,0,0,0,0,0,0,0,4,3,4,4,4,6,2,5,22,88,129,35,2,4,7,5,3,4,8,7,4,7,3,33,101,99,42,30,78,142,186,127,63,51,86,90,30,13,3,17,14,3,43,127,142,52,6,5,3,11,14,54,115,105,131,105,106,138,87,30,6,4,9,1,1,1,1,0,0,0,0,0,0,0,0,1,1,1,1,72,93,65,28,11,1,3,3,2,1,1,3,3,0,2
57,39,103,155,112,93,114,78,152,210,218,206,213,198,146,140,88,17,39,105,104,56,69,95,87,112,131,82,32,21,11,1,2,9,0,0,27,74,136,110,52,14,0,0,0,1,1,0,9,16,1,2,5,14,4,7,24,74,111,48,32,80,109,52,3,7,5,8,3,4,4,2,7,4,10,12,60,143,114,44,17,1,1,1,1,0,0,0,0,0,0,0,0,0,0,0,0,8,2,5,6,4,7,21,131,88,18,9,3,8,5,2,7,3,1,3,2,1,7,7,0,3,4,1,8,10,7,41,199,133,18,5,1,7,6,3,6,2,15,15,15,101,208,177,38,7,1,6,38,179,152,27,3,23,153,224,235,166,132,187,78,26,24,158,201,57,119,196,95,199,182,189,181,31,11,13,2,4,5,4,16,14,16,149,112,9,9,5,4,1,9,5,6,14,5,28,213,140,18,3,4,18,151,202,27,7,8,6,3,4,3,8,7,2,1,1,4,5,3,14,174,140,233,132,227,16,4,2,4,7,12,13,1,7,131,237,161,105,237,189,70,249,223,17,12,13,202,45,7,2,2,2,5,3,3,3,10,14,7,70,230,104,14,5,5,2,6,7,4,2,4,1,5,0,0,0,0,0,0,0,0,0,0,0,0,0,0,0,0,6,1,5,7,5,1,3,6,5,5,9,11,17,47,168,139,14,4,3,3,7,2,6,18,96,118,33,5,8,0,6,5,35,111,177,180,189,97,22,6,38,123,154,70,14,6,6,9,11,13,6,7,6,44,121,63,17,12,65,115,37,10,3,18,8,5,9,8,1,4,3,4,12,5,24,79,127,81,29,16,2,1,1,0,0,0,0,0,0,0,0,0,0,0,0,0,0,0,0,0,0,0,0,0,0,0,0,0,0,0,0
58,0,0,0,0,0,0,0,0,0,0,0,0,0,0,0,0,0,0,0,0,0,0,0,0,0,0,0,0,0,0,0,0,0,0,0,0,0,0,0,0,0,0,0,0,0,0,0,0,0,0,0,0,0,0,0,0,0,0,0,0,0,0,0,0,2,2,15,38,116,65,36,5,4,2,10,10,1,2,2,9,4,0,13,27,64,136,63,105,98,30,17,8,4,1,4,1,3,1,3,2,4,6,4,1,5,7,1,12,11,18,80,144,30,52,169,25,15,10,8,3,1,8,10,1,5,6,26,185,38,17,6,18,9,62,227,222,131,20,14,89,144,29,12,49,176,35,5,14,11,79,157,92,172,57,149,216,224,174,200,74,7,25,169,234,249,241,181,203,146,24,6,7,6,11,119,123,11,14,79,152,27,10,4,11,13,7,9,88,151,27,68,174,21,14,23,201,35,5,9,6,1,5,12,9,2,2,3,12,21,174,223,100,16,19,123,225,39,4,4,5,5,40,228,147,246,237,161,95,226,94,170,215,12,5,2,2,5,3,180,91,157,106,6,122,131,7,4,3,4,2,2,1,3,6,7,7,17,16,27,14,144,211,29,15,12,4,7,5,74,237,234,151,235,199,61,127,88,128,192,176,149,205,95,33,89,129,152,222,249,217,156,127,126,138,173,192,139,108,65,102,69,168,92,177,130,87,67,47,125,147,161,39,5,27,129,80,25,9,5,10,55,95,55,5,8,24,82,137,81,101,117,123,104,56,62,50,2,20,70,31,11,18,45,97,58,29,46,53,18,24,81,120,84,83,24,22,66,68,86,42,34,64,53,95,60,26,31,52,35,37,7,8,20,58,18,8,13,55,49,60,15,12,32,53,30,17,10,10,9,26,9,12,18,43,23,31,14,6,4
59,0,0,0,0,0,0,0,0,0,0,0,0,0,0,0,0,0,0,0,0,0,0,0,0,0,0,0,0,0,0,0,0,0,0,0,0,0,0,0,0,0,0,0,0,0,0,0,0,0,0,0,0,0,0,0,0,0,0,0,0,0,0,0,0,0,0,0,0,0,0,0,0,0,0,0,0,0,0,0,0,14,4,11,18,72,176,169,65,28,10,11,78,220,238,137,108,114,137,226,240,223,93,18,6,4,2,6,8,3,3,2,8,4,4,14,4,5,8,6,12,4,83,230,241,235,164,233,243,214,68,26,142,71,7,2,22,132,227,248,255,252,238,183,37,23,115,193,62,15,21,8,84,230,230,116,11,11,5,6,6,84,148,15,3,34,180,39,5,13,8,4,6,3,6,8,5,0,0,0,0,0,0,0,0,0,0,0,0,0,0,0,0,2,2,2,2,3,3,2,1,4,35,85,5,12,94,112,45,6,6,101,10,87,11,106,19,103,78,51,2,2,2,2,5,13,3,81,48,12,120,6,2,88,7,2,90,88,46,14,171,126,99,4,8,3,10,81,58,7,7,7,23,222,16,9,25,22,133,160,23,37,99,18,109,137,26,161,115,135,43,77,17,8,3,4,91,214,81,7,2,90,47,111,77,25,1,5,6,39,84,34,84,7,6,87,24,16,85,100,35,13,3,7,6,10,8,5,4,25,87,80,18,4,8,5,9,5,8,38,119,140,135,54,41,89,45,20,8,4,11,40,11,7,17,75,92,123,74,50,29,40,64,35,12,11,28,42,25,20,46,53,126,35,18,15,37,31,7,5,2,4,2,2,3,3,3,7,12,40,14,9,7,3,1,1,3,2,0,25,11,14,24,42,46,3,1,7,7,22,29,13,9,3,4,5,5,4,1,1
60,0,0,0,0,0,0,0,0,0,0,0,0,0,0,0,0,0,0,0,0,0,0,0,0,0,0,0,0,0,0,0,0,0,0,0,0,0,0,0,0,0,0,0,0,0,0,0,0,0,0,0,0,0,0,0,0,0,0,0,0,0,0,0,0,4,7,5,5,11,32,87,110,38,19,38,99,89,46,59,146,112,185,230,249,255,255,255,231,191,79,67,176,237,255,254,243,226,169,127,120,16,5,7,21,55,161,38,12,7,5,3,8,9,2,9,35,207,179,228,248,249,253,255,246,234,140,147,226,214,70,13,6,4,4,5,6,10,4,2,3,0,4,1,1,0,0,0,0,0,0,0,0,0,0,0,0,0,0,0,0,10,12,58,169,27,4,2,2,5,14,11,6,25,129,102,7,2,1,1,0,0,0,0,0,0,0,0,0,0,0,0,0,5,4,2,2,2,3,3,3,5,37,86,7,26,128,200,125,61,51,81,39,110,126,14,123,27,200,176,72,190,21,121,17,119,139,18,120,64,73,4,9,134,124,8,127,7,78,123,121,204,39,112,13,214,120,47,80,190,61,135,218,28,219,29,7,1,5,111,10,11,10,13,105,5,5,1,12,105,42,90,20,15,107,14,8,11,73,214,106,16,12,9,5,4,11,5,13,60,104,94,19,18,86,20,21,68,73,65,151,45,97,38,77,39,23,34,89,57,88,95,28,14,6,2,2,2,1,0,3,2,1,0,1,3,3,2,2,2,5,0,6,10,16,62,28,3,1,0,0,0,1,0,0,1,1,1,1,1,2,2,2,25,50,36,22,42,38,12,5,2,2,3,2,1,2,6,10,54,21,11,6,0,4,2,3,2,2,2,3,1,0,1,2,0,0,0,0,0,0,0,0,0,0,0,0,0,0,0
61,0,0,0,0,0,0,0,0,0,0,0,0,0,0,0,0,0,0,0,0,0,0,0,0,0,0,0,0,0,0,0,0,2,4,5,1,1,11,7,3,4,58,150,140,44,16,98,206,28,20,12,8,2,1,1,2,0,0,2,4,2,1,1,1,9,10,19,127,227,246,204,129,179,228,252,245,244,251,255,255,254,232,175,205,216,216,205,235,241,250,247,223,117,142,159,72,45,189,172,201,136,25,8,8,7,13,133,206,55,2,8,11,189,213,103,13,9,3,2,5,7,6,3,2,5,4,4,7,0,0,0,0,0,0,0,0,0,0,0,0,0,0,0,0,32,24,142,218,149,26,33,149,172,36,7,9,0,6,3,13,0,0,0,0,0,0,0,0,0,0,0,0,0,0,0,0,0,0,0,0,0,0,0,0,0,0,0,0,0,0,0,0,3,2,5,1,3,2,4,11,5,1,4,1,7,22,198,168,3,2,0,0,0,0,0,0,0,0,0,0,0,0,0,0,4,5,4,2,1,12,8,33,231,136,8,23,28,8,187,205,10,4,1,2,4,3,4,5,2,1,2,2,4,7,11,91,242,228,74,12,36,212,149,244,247,251,251,248,242,105,18,8,122,229,239,161,27,69,208,102,22,30,203,223,58,16,18,8,22,31,129,186,28,6,17,8,5,6,29,143,218,214,57,13,33,177,239,215,107,56,178,174,207,131,28,4,1,5,1,20,93,152,105,37,19,7,5,5,7,6,2,13,30,84,142,112,104,169,187,146,90,121,92,49,25,3,11,10,68,165,175,146,30,9,7,79,186,192,146,65,102,155,152,176,192,207,206,186,146,131,87,38,45,97,101,46,13,15,3,40,108,122,129,123,5,3,1,1,1,1,0,0,0,0,1,1,1,1,1
62,0,0,0,0,0,0,0,0,0,0,0,0,0,0,0,0,3,2,0,22,19,6,9,44,150,154,56,6,1,21,9,5,2,1,3,14,51,123,177,179,190,177,212,253,255,221,113,28,134,168,186,228,246,255,255,255,249,248,248,250,251,252,246,239,61,79,161,211,214,153,90,136,132,64,10,6,20,125,194,168,168,86,37,8,4,21,149,241,239,205,107,175,218,189,51,35,255,235,194,77,111,215,233,250,183,207,187,39,16,7,10,1,94,214,183,26,18,30,200,156,26,73,226,252,245,115,8,8,5,10,17,143,70,8,6,9,7,6,9,89,198,95,40,127,184,46,14,14,6,90,221,193,36,27,24,9,46,194,208,93,105,195,84,4,5,3,17,94,196,104,190,227,225,117,19,10,45,182,141,41,162,89,7,30,195,27,6,2,82,163,21,28,6,4,20,219,168,196,57,19,168,197,29,124,219,40,17,26,172,68,17,116,11,114,5,9,16,7,178,79,52,194,36,225,15,15,15,17,189,240,84,8,14,116,7,3,18,6,187,206,138,36,240,23,118,6,6,11,11,44,130,240,127,4,3,115,11,5,2,7,9,7,5,3,4,10,64,55,9,5,3,5,9,14,103,129,8,8,111,61,82,2,15,9,8,4,2,9,2,1,0,1,3,2,2,2,3,4,2,0,11,10,23,83,3,2,2,1,1,1,0,0,0,0,1,1,1,1,1,1,0,0,0,0,0,0,0,0,0,0,0,0,0,0,0,0,0,0,0,0,0,0,0,0,0,0,0,0,0,0,0,0,3,4,4,4,2,16,45,51,6,11,3,13,10,1,2,2,0,0,0,0,0,0,0,0,0,0,0,0,1,1,1,1,71,86,30,8,3,4,5,4,6,4,0,3,3,1,3
63,14,3,4,9,38,120,78,22,7,4,6,13,14,22,63,36,62,74,70,46,47,64,29,45,115,91,33,1,3,1,7,5,56,35,15,16,18,4,5,48,117,76,33,50,136,183,116,36,15,2,5,43,101,77,27,3,2,10,6,2,1,4,4,0,3,2,7,5,2,3,2,2,10,9,0,4,5,23,60,154,158,109,45,96,183,100,13,17,113,184,80,14,7,13,9,14,91,30,19,76,25,2,1,1,5,11,79,23,7,6,7,46,67,9,11,20,120,121,19,25,196,246,232,111,7,2,5,30,124,116,29,95,10,6,26,129,207,169,234,218,84,14,4,94,19,5,1,8,19,84,169,186,210,116,40,134,220,224,78,17,196,240,249,247,233,152,132,134,21,86,216,222,193,227,234,250,30,7,1,10,12,65,214,210,66,201,70,204,238,238,142,132,192,62,232,236,161,103,155,30,168,144,134,208,38,128,139,201,223,90,70,233,244,251,156,216,47,89,172,132,72,225,110,12,16,125,121,6,5,4,12,4,123,122,10,9,95,235,80,172,245,136,113,7,15,1,9,15,126,14,139,100,4,12,110,129,115,116,114,82,41,101,108,37,218,250,255,248,199,148,168,237,223,153,119,57,79,163,91,226,215,158,215,148,157,214,70,9,3,9,5,10,45,178,79,146,63,20,16,29,63,27,101,145,205,76,10,45,135,185,72,82,16,21,89,41,64,70,83,37,93,40,27,97,172,129,110,54,72,62,101,114,101,91,49,14,73,66,110,98,32,1,3,7,24,60,23,24,66,23,7,3,4,2,6,4,1,4,4,17,47,88,105,48,20,6,5,6,28,57,17,5,5,6,2,22,58,102,79,37,16,40,41,46,132,92,14,7,23,51,12,3,5,10,5,4,2,3,3
64,164,218,250,255,255,245,250,252,255,255,252,255,245,220,158,73,59,135,187,174,147,73,72,147,183,173,145,71,58,107,163,176,18,73,168,227,245,251,250,251,246,242,249,255,255,242,195,145,59,102,157,162,191,219,245,255,251,228,186,89,23,42,158,248,249,254,255,237,212,195,241,255,255,219,157,76,82,196,234,253,255,250,244,245,254,255,254,234,205,104,135,210,233,246,250,253,179,206,164,225,251,249,248,254,255,247,210,84,194,187,208,187,181,131,170,82,237,219,49,3,7,11,13,11,65,208,211,78,213,149,9,7,1,3,6,37,200,147,34,74,39,13,7,13,110,114,43,113,192,79,19,6,57,181,85,197,198,66,33,77,218,180,55,144,194,79,194,150,226,187,115,210,214,149,162,214,169,225,248,255,255,251,252,246,235,155,123,146,13,70,206,111,9,6,9,99,21,2,5,3,5,4,3,0,0,0,1,1,6,6,2,3,3,5,15,5,22,193,186,193,238,216,26,23,5,12,10,82,243,240,97,3,13,8,111,145,10,14,58,76,170,220,136,17,3,11,18,18,176,231,101,19,11,111,16,11,195,129,78,175,239,116,5,11,4,83,144,20,71,219,112,123,14,8,7,5,2,3,2,4,12,4,21,109,194,67,17,4,1,1,1,1,1,1,1,1,0,0,0,0,0,1,1,2,5,4,18,23,84,20,25,94,69,159,130,53,28,42,51,19,3,7,12,55,50,56,60,24,13,6,4,4,4,2,0,1,2,1,4,2,6,12,50,49,62,78,60,45,69,16,9,3,4,27,83,128,91,48,11,2,9,22,37,7,11,13,57,108,22,13,7,13,8,29,73,36,12,28,101,113,101,33,10,10,41,41,3,3,4,6,1,32,92,89,28,7,6,16,60
65,76,178,236,255,255,231,186,210,231,255,255,255,247,243,249,255,197,133,105,184,241,255,255,243,249,254,250,246,251,255,254,241,142,150,212,248,240,215,186,218,248,255,250,239,247,246,209,165,255,238,241,250,240,162,59,39,118,222,255,241,191,112,93,96,26,87,169,107,26,0,21,73,125,134,216,190,51,4,7,80,23,40,145,99,56,62,41,178,176,220,174,152,68,17,5,4,5,5,11,99,199,80,13,3,27,138,189,44,24,86,141,36,46,79,40,92,8,0,4,7,2,7,16,158,226,225,41,28,5,5,62,107,75,34,83,14,18,96,104,34,8,53,65,105,64,179,113,59,124,127,151,74,8,11,94,33,130,227,243,247,102,152,174,150,177,220,136,81,46,14,19,107,110,15,22,100,156,189,124,56,11,49,179,49,114,110,6,6,4,65,170,32,8,10,108,18,115,12,7,104,11,6,35,207,31,115,4,9,4,5,111,5,2,3,1,1,1,1,0,0,0,0,0,0,0,0,0,0,0,0,0,0,0,1,0,3,80,48,1,5,5,124,11,9,116,3,3,61,114,77,13,120,11,10,16,188,146,15,10,7,32,90,106,14,4,10,15,12,0,2,1,1,4,5,96,10,3,3,1,2,2,2,3,3,3,3,3,3,0,0,0,0,0,0,0,0,0,0,0,0,0,0,0,0,0,0,0,0,0,0,0,0,0,0,0,0,0,0,0,0,0,0,0,0,0,0,0,0,0,0,0,0,0,0,0,0,4,2,1,6,6,1,2,3,1,9,31,54,24,12,1,4,0,0,0,0,0,0,0,0,0,0,0,0,0,0,0,0,0,0,0,0,0,0,0,0,0,0,0,0,0,0,0,0,4,2,1,7,9,13,46,11,6,3,0,1,1,1,0
66,251,255,250,200,109,104,159,112,32,10,60,191,243,226,153,53,96,198,237,216,141,99,169,232,255,255,255,255,254,250,248,252,232,183,101,67,87,135,107,42,13,19,60,120,126,74,25,2,6,1,2,2,0,5,5,2,1,10,33,74,79,45,18,3,12,4,8,3,6,2,4,3,12,8,8,60,190,251,250,227,78,112,177,97,29,11,14,12,33,80,11,7,6,11,4,4,45,150,31,15,5,7,11,53,155,58,133,206,160,180,197,218,87,123,24,12,13,124,247,255,230,82,22,101,18,5,6,13,24,106,70,77,109,17,33,110,127,128,200,93,170,133,83,60,225,197,41,8,34,156,70,26,100,15,9,14,85,36,37,160,60,7,4,5,7,1,6,5,28,169,168,41,107,13,32,195,32,15,108,24,115,59,80,9,2,5,4,74,113,72,74,188,17,10,25,202,33,3,15,3,19,153,201,31,5,94,38,22,111,3,7,9,2,4,6,102,116,47,71,66,162,135,211,20,11,8,84,47,58,73,2,10,15,7,228,159,133,9,7,1,1,1,1,1,1,0,0,0,0,0,0,0,0,0,0,0,10,2,7,6,6,115,19,8,20,196,142,221,91,56,211,130,25,102,13,17,71,55,5,22,140,201,36,5,7,74,109,80,8,41,114,129,115,11,7,3,6,11,4,10,8,12,55,174,143,36,5,4,2,9,7,5,7,3,26,76,30,9,1,3,46,66,13,7,14,38,51,16,6,3,13,51,65,51,76,38,7,0,3,2,5,8,14,34,30,28,72,120,40,4,3,10,9,9,24,68,50,106,131,63,15,8,5,6,5,2,3,12,24,69,68,70,31,1,3,3,5,6,18,58,83,117,70,65,82,32,16,21,56,14,4,5,18,38,29,9,28,70,33
67,254,229,193,218,242,238,201,212,235,255,255,249,251,255,255,254,245,255,255,231,216,210,227,196,117,118,185,201,158,135,190,230,184,160,133,166,163,77,12,2,55,137,129,63,19,40,111,160,48,29,10,8,18,84,132,101,40,10,31,92,97,47,10,10,15,4,6,17,84,110,78,84,99,69,96,155,98,34,11,2,9,51,176,199,100,26,6,4,2,7,2,11,5,5,16,102,7,4,8,9,17,92,26,24,50,156,31,14,9,7,6,45,64,14,20,102,13,5,7,8,103,17,7,53,93,127,197,51,11,11,34,159,175,77,180,36,10,8,98,41,163,83,14,11,96,35,48,162,44,6,11,69,165,36,4,16,9,7,16,75,111,67,12,33,77,6,7,22,102,12,19,96,18,9,36,198,62,192,135,157,23,12,46,192,39,110,125,23,92,212,79,13,36,106,115,15,6,0,2,3,4,7,110,12,9,13,112,4,67,75,115,7,5,1,4,5,86,40,70,66,120,16,32,216,32,121,8,7,4,3,4,8,12,121,136,124,7,9,4,1,4,4,4,0,0,0,8,119,2,5,3,122,5,6,3,8,117,13,117,13,6,9,17,114,27,178,156,26,28,115,20,109,7,17,121,96,117,61,22,45,169,35,14,3,4,3,4,10,9,28,84,21,11,9,75,58,72,53,12,8,85,29,9,10,4,2,6,9,15,31,66,17,9,5,2,1,2,1,3,3,1,1,0,1,1,1,2,1,1,2,4,12,12,55,21,16,15,31,37,11,2,12,66,78,86,24,2,9,25,97,134,91,57,100,61,28,24,26,36,3,2,4,4,3,3,3,4,5,32,54,13,11,43,27,27,46,14,2,6,42,29,17,11,1,5,1,11,50,73,69,15,5,26,13,4,5,6,14,6
68,242,255,237,154,64,97,202,223,198,148,212,243,227,200,155,173,212,167,156,124,165,128,43,16,42,126,177,196,188,177,108,39,12,6,1,5,11,84,192,230,198,90,29,43,125,172,193,186,41,56,86,137,161,163,190,222,236,231,191,153,76,25,5,8,3,31,71,117,54,59,128,82,32,3,3,4,2,1,6,13,62,139,136,46,19,4,3,10,7,53,174,156,35,5,12,25,163,201,186,65,27,9,10,2,3,3,6,4,4,5,1,13,9,12,15,120,102,11,6,4,2,4,1,4,8,4,29,183,31,18,31,140,74,24,58,192,121,52,209,242,229,92,10,11,7,3,11,12,2,10,40,162,205,116,17,14,16,96,133,21,19,23,148,102,5,18,7,3,4,4,22,142,83,12,1,5,6,3,12,108,37,146,99,42,100,8,0,4,5,4,1,2,12,6,30,210,163,192,63,6,7,11,5,22,108,7,3,5,7,7,6,1,5,17,215,38,95,39,125,77,229,103,15,23,126,119,7,5,7,2,36,117,114,129,154,223,139,236,72,57,85,28,118,126,21,213,229,72,74,232,104,150,128,222,34,21,189,67,8,42,79,104,22,21,95,108,44,2,10,11,32,114,118,13,4,9,117,113,18,8,11,4,4,5,85,114,67,9,4,3,10,5,6,2,2,5,17,81,204,144,93,10,11,39,174,192,125,131,70,99,119,122,110,41,6,6,7,10,5,6,38,74,21,6,6,6,51,67,19,2,11,11,5,14,85,114,25,12,6,8,16,52,33,9,3,6,29,72,49,74,17,4,3,2,1,2,3,3,2,2,2,2,0,5,10,30,47,23,8,11,50,108,97,51,16,36,18,19,31,61,65,25,42,40,36,58,33,44,9,5,2,1,1,0,1,3,1,0,0
69,7,34,118,172,114,136,132,67,26,3,4,58,178,211,191,123,19,53,153,204,237,185,74,38,89,171,174,180,139,124,138,91,22,1,6,74,154,115,51,43,107,81,35,4,4,19,30,34,184,106,45,108,202,194,109,20,7,5,36,90,147,188,181,122,8,1,4,5,31,87,125,118,142,107,146,99,149,57,24,11,161,152,117,108,118,62,142,144,156,63,117,216,234,176,40,7,14,130,209,146,23,9,89,37,9,6,10,28,112,139,31,97,95,10,5,7,7,12,114,89,40,11,104,28,105,19,3,1,114,149,73,104,70,24,100,12,3,4,1,20,152,90,90,200,240,154,101,5,81,136,205,92,15,10,10,3,7,6,10,96,11,11,53,169,28,7,7,9,5,1,4,1,16,125,136,216,127,23,15,60,53,3,3,2,7,14,4,8,67,54,6,9,5,7,1,6,83,31,7,3,3,1,4,1,3,89,33,6,7,8,114,9,111,7,4,11,114,19,82,232,132,195,29,110,131,232,147,9,9,2,35,97,3,30,28,14,217,247,72,29,11,1,3,4,7,5,4,6,4,4,6,4,16,19,220,241,61,63,13,28,166,21,12,6,12,172,100,51,7,3,2,16,98,11,4,2,2,2,5,5,7,4,4,3,5,7,46,55,5,3,7,12,70,17,8,4,1,2,2,2,1,0,3,4,1,1,2,1,6,8,6,3,8,6,3,18,81,26,5,6,12,21,74,37,18,15,10,26,58,74,172,136,45,9,36,59,6,14,43,51,6,1,4,5,2,6,33,22,15,35,107,81,8,24,12,16,16,52,23,10,4,11,26,12,19,45,71,50,55,15,1,3,34,108,139,78,12,10,7,38,86,64,108,136,40,16,15,8,7,12,6,5,16,11,16,22,14,7,5
70,33,73,17,4,3,9,39,57,17,10,30,97,158,96,27,6,19,11,28,97,152,92,47,49,80,44,23,3,3,18,49,106,52,13,3,13,31,52,13,27,61,116,62,16,4,2,4,13,2,8,8,4,4,13,17,4,7,35,127,162,68,6,3,23,3,2,4,5,4,5,5,2,2,3,7,21,71,184,229,254,114,43,21,3,2,4,11,3,1,4,5,52,59,19,5,3,3,3,3,1,1,1,1,1,1,1,1,3,4,67,42,12,49,69,11,5,6,2,3,1,0,5,51,73,20,126,198,48,5,20,159,66,12,2,3,3,8,8,6,4,2,6,21,138,229,133,17,13,11,3,4,8,11,4,4,1,6,8,5,8,51,74,62,168,13,4,29,174,46,5,2,8,6,5,8,5,3,2,2,1,4,4,2,102,14,2,2,3,1,0,4,2,3,1,3,2,5,5,5,109,12,10,111,16,15,110,5,3,88,220,123,93,12,112,8,2,2,2,3,8,9,4,1,2,11,1,4,4,13,7,47,231,113,4,7,2,2,2,9,11,3,2,80,5,2,1,3,2,5,123,2,2,0,0,4,2,5,4,1,5,6,6,5,1,4,6,16,103,7,4,0,3,5,5,3,7,63,4,4,1,1,1,0,0,0,0,0,0,0,0,0,0,0,0,0,0,0,0,0,0,0,0,0,0,0,0,0,0,0,0,0,0,0,0,0,0,0,0,0,0,2,2,4,9,9,7,2,7,5,2,6,6,5,35,129,160,20,13,6,3,2,2,1,1,0,1,3,3,2,2,2,2,9,10,28,61,31,68,138,128,77,19,6,5,3,3,4,1,8,7,11,18,64,30,12,50,119,94,29,5,6,11,10,12,0,0,0,0,0,0,0,0,0,0,0,0,0,0,0
71,2,10,19,4,3,18,93,156,104,33,4,4,3,6,24,57,236,154,47,76,183,181,85,12,3,6,1,3,3,16,8,7,5,5,1,19,63,112,120,66,52,77,105,78,70,40,7,4,6,6,5,4,4,5,5,5,10,7,40,114,171,142,59,9,13,2,5,19,65,138,115,44,13,4,3,1,1,1,0,5,7,3,7,7,15,7,9,40,166,133,39,8,11,9,15,20,81,9,7,4,3,1,1,3,4,5,4,12,13,86,130,28,4,4,13,12,3,7,9,3,27,169,169,34,11,36,200,147,10,5,5,4,9,53,196,121,20,7,3,5,4,10,6,4,8,5,2,6,7,9,6,68,194,116,18,13,5,13,6,14,75,177,166,105,9,12,14,5,7,4,2,9,3,4,9,99,23,5,8,6,23,139,87,5,4,6,14,23,184,173,26,19,22,126,119,106,25,7,2,2,3,3,3,3,2,0,1,1,0,0,0,0,0,0,0,0,0,0,0,0,0,0,0,0,2,5,12,4,2,6,6,6,24,232,134,8,3,2,62,69,4,25,225,18,3,4,1,2,1,3,15,53,4,0,3,0,4,5,7,4,2,2,12,7,3,6,4,29,177,223,101,9,8,4,22,92,199,75,20,13,5,3,4,6,7,7,2,29,45,7,4,6,1,0,0,2,1,1,1,0,0,1,1,1,1,1,0,1,1,2,2,2,2,3,8,10,17,46,52,23,5,4,6,8,10,5,2,31,68,28,1,6,24,82,28,3,1,1,1,1,0,0,0,0,0,0,0,0,0,0,0,0,0,0,0,0,0,0,0,0,0,0,0,0,0,0,0,0,0,0,0,0,0,0,0,0,0,0,0,0,0,0,0,0,2,2,1,1,1,2,4,8,38,18,11,11,7,1,3
72,11,5,13,94,170,111,50,58,154,210,194,167,87,76,135,150,125,65,56,80,126,167,207,181,108,97,158,167,166,99,109,123,16,52,95,120,83,65,89,134,112,83,104,139,140,108,80,91,142,87,28,1,4,2,16,42,97,139,163,163,116,105,134,110,16,3,4,6,15,6,3,16,74,137,92,130,139,70,23,6,9,31,98,170,84,30,29,105,163,72,31,9,13,51,142,56,11,2,9,8,13,15,6,3,12,133,154,209,133,19,2,5,3,7,12,118,104,17,11,7,7,5,2,4,4,1,5,8,8,6,23,156,84,14,7,12,36,177,47,19,80,152,29,7,5,7,11,7,11,67,59,5,1,6,15,99,34,135,202,237,65,16,5,3,3,9,28,164,55,16,20,109,47,132,205,155,129,20,5,3,6,50,175,39,125,129,96,40,69,61,20,113,47,180,30,118,14,9,13,4,6,120,48,99,4,8,89,131,238,188,21,32,98,9,11,118,97,158,47,38,8,34,97,2,26,3,4,6,18,10,164,218,14,12,11,100,8,9,5,5,1,2,3,10,116,5,3,7,119,4,2,5,5,116,8,3,5,11,67,121,93,9,6,5,23,195,168,75,73,6,5,1,5,4,4,8,111,24,6,8,6,28,185,48,15,4,2,2,3,4,4,12,23,86,120,43,42,130,81,27,34,80,10,7,5,4,12,1,5,4,31,80,23,17,86,38,13,7,4,9,73,34,17,10,6,9,5,7,1,1,1,1,1,1,2,4,2,0,4,7,4,1,4,5,3,5,14,33,55,18,4,4,8,2,3,4,10,43,27,12,0,6,3,7,35,43,13,8,4,9,7,5,29,32,71,92,35,21,47,108,82,36,32,62,58,23,7,3,5,4,16,49,26,34,14,1,4,2,4
73,178,159,90,186,245,216,116,92,178,179,59,11,7,56,120,80,101,196,248,249,189,91,75,144,178,141,116,145,136,76,31,9,56,79,67,91,133,68,9,5,4,12,7,4,3,7,25,36,86,78,97,133,130,133,166,164,147,69,20,1,0,5,1,2,2,9,14,5,3,32,113,166,82,36,107,156,222,196,62,16,8,40,103,162,74,15,8,7,9,42,187,242,237,178,33,21,4,4,13,99,155,180,176,173,116,24,4,12,108,205,74,11,5,3,3,0,3,7,0,5,5,8,8,53,215,152,200,34,7,3,3,3,2,3,4,9,12,8,35,169,150,31,28,141,89,18,8,9,7,25,146,69,28,150,234,231,137,9,10,14,14,6,53,170,33,8,9,15,7,2,4,2,4,4,0,4,5,18,19,21,160,90,11,7,4,4,4,18,182,189,88,179,10,3,4,2,5,5,11,4,10,44,190,38,182,170,37,15,116,4,5,4,15,104,9,116,10,82,107,116,198,155,106,16,217,27,14,126,125,129,137,50,3,7,112,26,128,132,157,249,89,4,6,123,143,9,3,4,51,65,28,122,250,255,45,109,164,86,236,248,251,243,233,126,31,3,6,5,17,15,46,206,114,31,103,204,165,28,8,3,23,105,119,122,16,8,9,58,187,166,206,128,29,29,157,69,70,56,12,3,5,12,110,205,73,186,242,221,104,31,93,118,116,118,111,140,96,139,84,113,116,140,44,12,6,38,154,233,253,228,173,66,46,89,143,111,72,122,155,99,24,7,0,6,5,34,113,120,39,9,45,141,97,42,14,3,9,24,67,134,131,79,85,83,123,65,18,24,5,10,55,60,102,47,13,7,49,39,31,38,32,38,29,51,82,127,133,89,49,71,96,62,49,75,80,40,43,61,105
74,160,212,243,255,255,232,209,159,176,222,240,249,253,253,255,255,250,255,255,240,211,175,153,161,81,23,30,126,217,252,231,173,223,200,203,232,247,248,248,250,244,198,98,40,55,124,163,182,198,242,255,213,149,114,155,159,103,58,77,91,71,94,163,199,197,143,50,73,172,186,78,17,27,128,175,137,95,151,91,164,127,156,166,86,26,17,113,158,212,150,71,148,163,158,92,23,4,2,4,12,16,62,123,22,13,7,5,1,2,3,6,6,92,202,98,10,3,17,122,204,57,2,8,15,5,8,7,12,2,3,8,75,200,110,63,212,220,146,24,7,23,163,195,167,190,42,8,13,12,13,5,3,8,6,1,5,7,6,1,3,6,7,3,51,201,128,14,10,5,5,3,6,5,1,2,2,0,0,0,0,0,0,0,0,0,0,0,0,0,0,0,0,1,1,1,5,10,4,2,8,8,47,127,215,128,24,186,52,6,3,35,73,7,3,7,82,24,5,5,116,9,118,28,106,19,205,40,9,120,1,5,1,10,115,3,111,90,7,2,4,35,190,128,16,2,9,82,166,190,177,127,22,171,17,115,100,39,8,11,108,22,39,224,219,152,126,169,70,14,39,182,145,102,24,94,103,56,56,52,28,69,13,20,91,111,32,100,21,104,103,13,10,12,12,4,11,83,15,6,6,5,9,23,83,8,8,37,132,94,98,16,6,9,7,1,3,6,3,7,14,28,60,39,71,17,1,4,3,25,61,22,6,2,3,1,8,25,33,11,33,106,96,24,7,40,77,65,14,5,7,66,95,58,32,7,2,5,1,9,27,53,29,52,6,3,1,2,7,4,19,8,15,6,10,10,3,14,20,58,69,37,6,2,14,7,5,13,8,6,11,5,12,1,4,17,6,9,15,37
75,108,106,76,174,235,255,221,100,10,30,116,161,83,43,114,146,175,183,236,243,200,87,76,140,185,163,39,10,68,159,124,47,124,99,20,9,2,4,6,48,124,145,74,53,113,158,120,101,255,201,121,72,98,121,97,109,117,71,31,8,6,19,34,50,169,93,25,31,129,225,237,205,117,118,72,26,11,26,137,93,53,137,101,144,88,21,6,5,1,2,8,5,1,2,1,5,0,0,0,0,0,0,0,0,0,0,0,0,0,0,0,0,2,2,2,2,0,8,8,0,1,4,9,56,215,127,16,32,1,1,0,1,1,2,2,3,6,6,7,1,5,8,95,19,2,4,6,69,41,8,51,60,8,4,5,11,94,21,75,42,4,1,5,5,3,20,102,76,43,37,182,228,190,27,15,109,51,188,125,151,17,11,3,23,88,4,2,3,4,2,4,6,131,98,111,16,112,7,4,0,2,3,4,3,100,17,8,4,2,4,6,111,20,102,4,3,3,4,5,6,4,0,3,8,217,27,2,12,2,45,117,96,5,7,13,10,3,1,2,6,39,96,13,21,33,8,207,175,12,20,19,15,3,7,7,5,1,3,73,12,13,122,80,13,9,4,9,59,6,6,3,4,1,1,1,0,1,1,1,1,0,3,4,11,87,10,8,14,94,12,7,2,2,2,3,8,85,22,91,22,11,4,6,6,8,28,92,76,46,123,184,172,198,69,17,5,5,1,5,7,7,9,11,18,56,14,8,8,2,2,2,3,2,1,2,4,49,92,68,28,21,15,38,3,2,2,2,2,1,2,2,3,0,0,0,0,0,0,0,0,0,0,0,0,0,0,0,0,9,19,54,10,5,4,2,6,2,11,6,35,102,86,26,26,1,1,1,1,0,0,0,0,0,0,0,0,0,0,0
76,126,138,136,132,87,148,195,171,170,185,202,193,210,190,230,255,239,249,224,131,31,27,120,215,248,247,249,251,234,194,106,90,95,79,118,182,194,169,167,190,198,189,165,157,196,209,165,139,252,211,167,134,151,192,192,179,188,198,232,234,197,102,33,3,77,90,65,23,12,12,9,16,56,145,173,111,37,4,3,10,5,22,80,140,92,132,43,30,43,136,58,26,8,8,5,2,5,1,3,5,5,13,15,1,4,43,196,141,34,3,9,5,4,6,4,16,111,119,13,10,14,6,4,4,1,7,3,4,2,4,7,4,4,3,4,14,7,20,95,112,51,5,3,7,142,104,9,32,177,167,87,60,10,49,197,132,35,94,12,17,144,167,175,40,7,6,10,5,73,72,116,21,111,46,197,130,17,3,8,73,108,90,61,9,32,194,35,8,74,129,207,97,34,38,234,239,157,112,184,167,24,9,34,125,188,224,46,88,174,101,61,24,149,223,23,61,5,77,48,10,112,208,38,73,9,55,120,3,5,39,72,147,110,72,67,1,4,121,13,166,92,30,104,6,3,1,2,36,37,46,196,11,9,91,8,13,113,30,5,1,4,1,5,3,9,14,98,53,113,15,28,96,4,6,6,12,49,11,4,2,2,2,2,3,0,3,8,15,103,33,62,11,5,1,5,0,4,6,15,74,24,42,17,14,40,127,71,78,10,4,4,4,4,2,5,3,7,11,3,4,5,19,66,101,29,6,5,8,20,37,10,7,12,13,1,8,1,6,32,57,79,66,18,6,2,19,55,18,2,5,9,37,7,4,5,9,8,15,14,3,3,1,1,3,7,12,30,50,20,8,2,4,6,3,17,54,36,51,26,4,4,1,3,5,2,2,10,14,7,7,9,5,2,3,1,2,3,28,17
77,7,37,152,199,220,188,103,49,71,140,111,70,100,118,59,55,176,117,32,2,23,99,153,173,142,89,73,37,35,59,31,19,5,30,95,163,163,94,77,74,135,170,127,51,18,20,33,47,32,17,4,25,70,111,119,77,62,79,82,61,62,34,18,21,69,54,72,38,15,3,2,19,47,113,86,48,69,13,13,14,18,90,84,75,19,6,5,23,80,17,4,4,5,16,24,85,17,39,165,61,29,52,48,19,96,29,30,105,99,56,8,5,39,84,85,14,5,7,3,3,1,1,6,4,7,28,92,5,4,24,103,9,6,30,144,200,127,25,9,11,69,48,3,3,7,4,3,7,3,8,19,99,11,8,2,8,11,8,105,26,5,5,3,2,3,6,80,34,7,5,3,2,0,2,3,4,4,1,3,6,83,17,12,102,20,5,1,1,1,0,4,2,18,8,25,200,33,41,28,6,3,2,6,5,3,1,1,5,1,0,1,3,5,4,2,3,8,54,99,63,6,1,6,4,1,1,1,1,0,0,0,0,0,0,0,0,0,0,0,0,4,2,7,11,6,60,29,2,5,11,4,6,13,120,112,33,1,1,1,1,0,0,0,0,0,0,0,0,1,1,1,1,46,10,9,6,9,45,45,8,9,6,6,76,25,10,6,6,0,0,0,0,0,0,0,0,0,0,0,0,0,0,0,0,1,2,3,26,44,7,11,9,13,26,14,6,4,0,4,2,0,0,0,0,0,0,0,0,0,0,0,0,0,0,0,0,1,1,1,1,1,1,0,0,0,0,1,1,2,2,2,2,19,11,4,3,2,1,3,8,13,34,11,8,4,1,2,4,0,0,0,0,0,0,1,1,1,2,1,5,13,8,3,5,2,2,1,2,2,4,4,5,5,7,8,2,1,0,2
78,1,1,1,2,4,4,2,1,1,2,0,5,14,16,24,45,127,61,21,9,8,44,131,101,47,24,34,19,20,5,3,4,2,1,4,9,7,2,2,2,1,11,22,41,39,18,7,2,1,4,2,13,48,54,21,3,5,2,37,79,75,34,13,3,4,20,54,69,28,17,47,15,7,15,70,33,8,3,3,9,0,0,0,0,0,0,0,0,0,0,0,0,0,0,0,0,0,0,0,0,0,0,0,0,0,0,0,0,0,0,0,0,0,1,4,1,2,1,85,6,3,2,1,1,2,3,4,3,1,1,0,1,1,3,3,1,2,1,4,8,91,19,97,22,1,1,1,1,1,1,1,1,0,0,0,0,0,0,0,0,1,1,5,7,21,88,7,1,4,6,6,8,3,4,12,100,6,1,1,4,5,2,5,16,77,8,14,80,5,1,4,5,3,5,3,15,13,17,173,71,5,16,4,9,5,7,4,2,0,0,0,0,0,0,0,0,0,0,0,0,0,0,0,0,0,0,0,0,0,0,0,0,0,0,0,0,1,46,1,0,4,3,0,2,1,6,5,152,38,3,3,3,1,2,2,4,0,0,0,0,0,0,0,0,0,0,0,0,0,1,1,2,37,7,1,1,1,3,0,1,0,0,2,2,2,2,2,2,0,0,0,0,0,0,0,0,0,0,0,0,0,0,0,0,3,2,3,3,6,10,13,38,40,19,8,8,3,0,3,2,0,0,0,0,0,0,0,0,0,0,0,0,0,0,0,0,8,11,16,27,5,5,1,2,0,0,0,0,0,1,1,1,0,0,0,0,0,0,1,1,1,2,2,9,25,4,7,3,7,11,11,46,14,11,7,5,3,2,2,2,6,16,49,15,1,1,1,1,0,0,0,0,0,0,0,0,0,0,0
79,21,7,11,37,103,149,88,56,120,166,123,142,79,76,48,19,49,65,13,5,10,13,3,3,1,20,44,53,11,3,7,18,83,94,49,17,1,6,4,16,38,88,138,96,34,3,3,19,1,1,1,1,0,0,0,0,0,0,0,0,1,1,1,1,50,117,146,70,15,5,2,12,5,4,4,2,2,3,2,13,0,0,0,0,0,2,2,4,4,15,7,5,14,51,10,9,6,4,4,5,12,12,4,3,5,56,196,147,56,164,90,54,7,7,6,3,1,1,1,2,1,1,1,0,0,0,0,2,4,2,0,1,2,2,1,1,4,7,5,8,3,13,54,73,14,3,12,12,3,7,2,5,6,26,123,108,15,4,3,6,9,4,16,3,48,198,132,21,0,5,0,1,2,5,0,4,0,0,0,0,0,0,0,0,0,0,0,0,0,0,0,0,0,0,0,0,0,0,0,0,0,0,0,0,0,0,0,0,4,1,2,1,0,7,5,1,2,2,4,13,11,8,137,121,1,1,1,1,0,0,0,0,0,0,0,0,0,0,0,0,10,2,2,6,16,9,84,226,74,10,12,3,2,1,4,4,0,0,0,0,0,0,0,0,0,0,0,0,0,0,0,0,0,0,0,0,0,0,0,0,0,0,0,0,0,0,0,0,0,0,0,0,0,0,0,0,0,0,0,0,0,0,0,0,13,91,183,96,26,11,12,4,5,6,7,12,7,2,2,3,0,0,0,0,0,0,0,0,0,0,0,0,0,0,0,0,6,4,3,4,10,4,5,31,108,76,27,6,6,0,6,1,1,5,2,13,66,32,12,7,8,2,14,14,1,3,2,1,0,0,0,0,0,0,0,0,0,0,0,0,0,0,0,0,0,0,0,0,0,0,0,0,0,0,0,0,0,0,0
80,12,5,14,8,24,93,169,104,25,15,92,110,39,5,32,74,10,8,5,4,2,1,0,0,0,0,0,0,0,2,2,2,3,4,4,1,2,2,1,5,10,5,4,10,50,132,215,255,156,93,31,4,1,7,6,1,2,2,12,13,5,2,2,1,0,0,0,0,0,0,0,0,0,0,0,0,0,0,0,0,0,0,0,0,0,0,0,0,0,0,0,0,0,0,0,0,0,0,0,0,0,0,0,0,0,0,0,0,0,0,0,0,5,5,2,7,8,6,37,35,16,11,19,145,98,9,9,8,4,4,33,15,23,3,3,1,2,2,1,1,1,1,1,1,4,3,7,22,94,10,56,69,45,79,15,9,2,2,3,6,2,2,2,3,3,3,3,3,2,2,4,3,12,104,13,9,3,29,4,1,6,40,78,9,7,14,101,7,1,4,2,5,9,4,12,113,213,58,11,10,9,8,4,9,5,4,4,8,111,5,2,3,1,1,0,2,1,1,2,2,3,3,3,3,20,206,41,4,7,7,1,2,1,11,10,3,15,196,183,17,165,228,148,129,2,6,3,2,9,46,91,124,8,9,7,4,0,0,0,0,0,0,0,0,0,0,0,0,0,0,0,0,2,4,0,4,1,4,39,66,6,5,5,2,2,1,3,3,1,4,3,2,4,2,8,14,6,7,7,6,89,41,13,6,1,1,1,1,1,1,1,1,0,0,0,0,0,0,0,0,0,0,0,0,0,0,0,0,0,0,0,0,0,0,0,0,0,0,0,0,0,0,0,0,0,0,0,0,0,0,0,0,0,1,1,3,1,1,1,1,1,2,4,9,26,73,62,37,1,1,1,1,0,0,0,0,0,0,0,0,0,0,0,0,7,6,1,4,4,35,104,86,25,4,1,6,3,4,1
81,0,0,0,0,0,0,0,0,0,0,0,0,0,0,0,0,0,0,0,0,0,0,0,0,0,0,0,0,0,0,0,0,0,0,0,0,0,0,0,0,0,0,0,0,0,0,0,0,4,3,3,2,2,2,0,0,0,0,0,0,0,0,0,0,0,0,0,0,0,0,0,0,0,0,0,0,0,0,0,0,0,0,0,0,0,0,0,0,0,0,0,0,0,0,0,0,0,0,0,0,0,0,0,0,0,0,0,0,0,0,0,0,0,0,0,0,0,0,0,0,0,0,0,0,0,0,0,0,0,0,0,0,0,0,0,0,0,0,0,0,0,0,0,0,0,0,0,0,0,0,0,0,0,0,0,0,0,0,0,0,0,0,0,0,0,0,0,0,0,0,0,0,0,0,0,0,4,15,6,16,72,207,97,9,15,17,3,1,11,14,4,5,0,0,0,0,0,0,0,0,0,0,0,0,0,0,0,0,0,0,0,0,0,0,0,0,0,0,0,0,0,0,0,0,0,0,0,0,0,0,0,0,0,0,0,0,0,0,0,0,0,0,0,0,0,0,0,0,0,0,0,0,0,0,0,0,0,0,0,0,0,0,0,0,0,0,0,0,0,0,0,0,0,0,0,0,0,0,0,0,0,0,0,0,0,0,0,0,0,0,0,0,0,0,0,0,0,0,0,0,0,0,0,0,0,0,0,0,0,0,0,0,0,0,0,0,0,0,0,0,0,0,0,0,0,0,0,0,0,0,0,0,0,0,0,0,0,0,0,0,0,0,0,0,0,0,0,0,0,0,0,0,0,0,0,0,0,0,0,0,0,0,0,0,0,0,0,0,0,0,0,0,0,0,0,0,0,0,0,0,0,0,0,0,0,0,0,0,0,0,0,0,0,0,0,0,0,0,0
82,9,59,152,133,48,18,48,137,179,131,39,8,1,7,6,2,12,11,2,8,24,97,162,138,46,5,0,14,15,1,1,1,2,2,14,11,1,1,1,5,6,0,3,19,57,107,119,88,10,9,6,5,2,1,1,1,0,0,0,0,0,2,2,2,0,0,0,0,0,0,0,0,0,0,0,0,0,0,0,0,0,0,0,0,0,0,0,0,0,0,0,0,0,0,0,0,0,0,0,0,0,0,0,0,0,0,0,0,0,0,0,0,0,0,0,0,0,0,0,0,0,0,0,0,0,0,0,0,4,6,4,7,8,28,146,209,132,22,4,4,11,7,4,5,65,20,88,34,56,38,7,6,2,6,6,5,2,1,5,8,95,194,90,11,6,4,9,6,4,2,1,4,6,3,2,5,0,0,0,0,0,0,0,0,0,0,0,0,0,0,0,0,0,0,0,0,0,0,0,0,0,0,0,0,0,0,0,0,0,0,0,0,0,0,0,0,0,0,0,0,0,0,0,0,1,0,2,63,57,0,3,1,1,1,3,3,2,2,2,2,2,2,5,1,3,3,2,9,4,5,1,5,9,21,214,157,10,9,8,2,5,3,8,10,4,9,11,28,178,238,234,129,19,12,8,19,178,184,29,10,5,5,7,79,38,22,7,5,12,2,6,1,2,3,1,4,6,16,10,30,119,109,21,16,0,0,0,0,0,0,0,0,0,0,0,0,0,0,0,0,0,0,0,0,0,0,0,0,0,0,0,0,0,0,0,0,0,0,0,0,0,0,0,0,0,0,0,0,0,0,0,0,0,0,0,0,0,0,0,0,0,0,0,0,0,0,0,0,0,0,0,0,0,0,0,0,0,0,0,0,0,0,0,0,2,1,1,7,28,9,11,6,3,1,1,2,1,1,0
83,0,0,0,0,0,0,1,1,3,1,2,6,7,7,12,17,124,85,23,7,6,3,13,9,3,2,3,1,5,7,2,1,0,0,0,0,0,0,0,0,0,0,0,0,0,0,0,0,0,0,0,0,0,0,0,0,0,0,0,0,0,0,0,0,0,0,0,0,0,0,0,0,0,0,0,0,0,0,0,0,0,0,0,0,0,0,0,0,0,0,0,0,0,0,0,0,0,0,0,0,0,0,0,0,0,0,0,0,0,0,0,0,0,0,0,0,0,0,0,0,0,0,0,0,0,0,0,0,0,0,0,0,0,0,0,0,0,0,0,0,0,0,0,0,0,0,0,0,0,0,0,0,0,0,0,0,0,0,0,0,0,0,0,0,0,0,0,0,0,0,0,0,0,0,0,0,0,0,0,0,0,0,0,0,0,0,0,0,0,0,0,0,0,0,0,0,0,0,0,0,0,0,0,0,0,0,0,0,1,0,2,0,0,1,0,21,2,1,1,0,0,0,0,0,1,1,1,1,1,1,1,1,2,1,46,3,0,0,0,1,0,0,0,0,0,0,0,0,0,0,0,0,0,0,0,0,0,0,0,0,0,0,0,0,0,0,0,0,0,0,0,0,1,1,1,1,1,1,0,0,0,0,1,1,1,5,14,21,3,2,1,1,2,2,1,0,0,0,0,0,0,0,0,0,0,0,0,0,0,0,0,0,0,0,0,0,0,0,0,0,0,0,0,0,0,0,1,1,1,2,1,5,13,8,3,4,0,0,0,0,0,0,0,0,0,0,0,0,0,0,0,0,0,0,0,0,0,0,0,0,0,0,0,0,0,0,0,0,0,0,0,0,0,0,0,0,0,0,0,0,0,0,0,0,0,0,0,0,0,0,0,0,0,0,0,0,0,0,0
84,0,0,0,0,0,0,0,0,0,0,0,0,0,0,0,0,3,16,13,6,12,48,165,158,52,6,3,5,10,1,1,12,0,0,0,0,0,0,0,0,0,0,0,0,0,0,0,0,0,0,0,0,0,0,0,0,0,0,0,0,1,1,1,1,12,74,159,114,36,11,10,3,7,5,8,11,7,4,2,13,12,83,173,93,26,7,4,5,4,8,0,9,5,4,4,2,0,0,0,0,0,0,0,0,0,0,0,0,0,1,1,2,5,4,10,18,37,199,134,26,12,3,3,3,5,6,2,5,0,0,0,0,0,0,0,0,0,0,0,0,0,0,0,0,0,0,0,0,0,0,0,0,0,0,0,0,0,0,0,0,0,0,0,0,0,0,0,0,0,0,0,0,0,1,1,2,38,182,142,26,7,5,5,6,4,1,1,1,1,2,5,7,0,0,0,0,0,0,0,0,0,0,0,0,0,0,0,0,0,0,0,0,0,0,0,0,0,0,0,0,0,0,0,0,0,1,0,18,17,3,4,5,19,8,232,152,10,25,19,3,1,1,1,1,1,1,1,1,0,0,0,0,0,0,0,0,0,0,0,0,0,0,0,0,0,0,0,0,0,0,0,0,0,0,0,0,0,0,0,0,0,0,0,0,0,0,0,0,0,0,0,0,0,0,0,0,0,0,0,0,0,0,0,0,0,0,0,0,0,0,0,0,0,0,0,0,0,0,0,0,0,0,0,0,0,0,0,0,0,0,0,0,0,0,0,0,0,0,0,0,0,0,0,0,0,0,0,0,0,0,0,0,0,0,0,0,0,0,0,0,0,0,0,0,0,0,0,0,0,0,0,0,0,0,0,0,0,0,0,0,0,0,0,0,0,0,0,0,0,0,0,0,0,0,0,0,0,0,0
85,0,0,0,0,0,0,0,0,0,0,0,0,0,0,0,0,0,0,0,0,0,0,0,0,0,0,0,0,0,0,0,0,0,0,0,0,0,0,0,0,0,0,0,0,0,0,0,0,0,0,0,0,0,0,0,0,0,0,0,0,0,0,0,0,0,0,0,0,0,0,0,0,0,0,0,0,0,0,0,0,0,0,0,0,0,0,0,0,0,0,0,0,0,0,0,0,0,0,0,0,0,0,0,0,0,0,0,0,0,0,0,0,0,0,0,0,0,0,0,0,0,0,0,0,0,0,0,0,0,0,0,0,0,0,0,0,0,0,0,0,0,0,0,0,0,0,0,0,0,0,0,0,0,0,0,0,0,0,0,0,0,0,0,0,0,0,0,0,0,0,0,0,0,0,0,0,0,0,0,0,0,0,0,0,0,0,0,0,0,0,0,0,0,0,0,0,0,0,0,0,0,0,0,0,0,0,0,0,0,0,0,0,0,0,0,0,0,0,0,0,0,0,0,0,0,0,0,0,0,0,0,0,0,0,0,0,0,0,0,0,0,0,0,0,0,0,0,0,0,0,0,0,0,0,0,0,0,0,0,0,0,0,0,0,0,0,0,0,0,0,0,0,0,0,0,0,0,0,0,0,0,0,0,0,0,0,0,0,0,0,0,0,0,0,0,0,0,0,0,0,0,0,0,0,0,0,0,0,0,0,0,0,0,0,0,0,0,0,0,0,0,0,0,0,0,0,0,0,0,0,0,0,0,0,0,0,0,0,0,0,0,0,0,0,0,0,0,0,0,0,0,0,0,0,0,0,0,0,0,0,0,0,0,0,0,0,0,0,0,0,0,0,0,0,0,0,0,0,0,0,0,0,0,0,0,0,0,0,0,0,0,0,0,0,0,0,0,0,0
86,0,0,0,0,0,0,0,0,0,0,0,0,0,0,0,0,1,0,0,2,4,2,0,0,1,3,1,2,7,13,33,28,15,6,1,4,0,2,3,24,78,122,58,5,4,39,75,115,39,22,2,2,2,3,10,9,10,10,38,36,39,54,28,9,1,2,1,29,70,38,2,3,2,7,2,1,19,73,20,5,23,52,35,11,2,1,3,1,1,1,2,4,3,2,2,2,14,81,16,8,7,5,2,1,1,1,1,1,1,2,2,2,0,0,0,0,0,0,0,0,0,0,0,0,0,0,0,0,0,0,0,0,0,0,0,0,0,0,0,0,0,0,0,0,0,0,0,0,0,0,0,0,0,0,0,0,0,0,0,0,0,0,0,0,0,0,0,0,0,0,0,0,0,0,0,0,0,0,0,0,0,0,0,0,0,0,0,0,0,0,0,0,0,0,0,0,0,0,0,0,0,0,0,0,0,0,0,0,0,0,0,0,0,0,0,0,0,0,0,0,0,0,0,0,0,1,0,2,0,2,2,46,1,1,1,1,0,0,0,0,0,0,0,0,0,0,0,0,0,0,0,0,0,0,0,0,0,0,0,0,0,0,0,0,0,0,0,0,0,0,0,0,3,3,2,6,8,70,8,7,3,1,3,3,3,2,0,1,1,2,0,1,3,3,4,21,14,7,3,1,2,0,1,2,1,1,1,0,0,1,1,1,1,1,1,1,3,4,9,11,17,1,0,2,0,0,1,0,0,0,0,0,0,0,0,0,1,3,1,4,6,3,6,22,20,9,9,7,10,10,32,14,19,57,19,7,5,3,4,16,6,10,8,19,19,5,4,0,3,15,53,19,1,6,2,11,13,16,5,2,19,44,24,7,5,5,6,4,25,6,1,4,2,2,3,3,3,3,3
87,0,0,0,0,0,0,0,0,0,0,0,0,0,0,0,0,0,0,0,0,0,0,0,0,0,0,0,0,0,0,0,0,0,0,0,0,0,0,0,0,0,0,0,0,0,0,0,0,0,0,0,0,0,0,0,0,0,0,0,0,0,0,0,0,0,0,0,0,0,0,0,0,0,0,0,0,0,0,0,0,0,0,0,0,0,0,0,0,0,0,0,0,0,0,0,0,0,0,0,0,0,0,0,0,0,0,0,0,0,0,0,0,0,0,0,0,0,0,0,0,0,0,0,0,0,0,0,0,0,0,0,0,0,0,0,0,0,0,0,0,0,0,0,0,0,0,0,0,0,0,0,0,0,0,0,0,0,0,0,0,0,0,0,0,0,0,0,0,0,0,0,0,0,0,0,0,0,0,0,0,0,0,0,0,0,0,0,0,0,0,0,0,0,0,0,0,0,0,0,0,0,0,0,0,0,0,0,0,0,0,0,0,0,0,0,0,0,0,0,0,0,0,0,0,0,0,0,0,0,0,0,0,0,0,0,0,0,0,0,0,0,0,0,0,0,0,0,0,0,0,0,0,0,0,0,0,0,0,0,0,0,0,0,0,0,0,0,0,0,0,0,0,0,0,0,0,0,0,0,0,0,0,0,0,0,0,0,0,0,0,0,0,0,0,0,0,0,0,0,0,0,0,0,0,0,0,0,0,0,0,0,0,0,0,0,0,0,0,0,0,0,0,0,0,0,0,0,0,0,0,0,0,0,0,0,0,0,0,0,0,0,0,0,0,0,0,0,0,0,0,0,0,0,0,0,0,0,0,0,0,0,0,0,0,0,0,0,0,0,0,0,0,0,0,0,0,0,0,0,0,0,0,0,0,0,0,0,0,0,0,0,0,0,0,0,0,0,0,0
88,0,0,0,0,0,0,0,0,0,0,0,0,0,0,0,0,0,0,0,0,0,0,0,0,0,0,0,0,0,0,0,0,0,0,0,0,0,0,0,0,0,0,0,0,0,0,0,0,0,0,0,0,0,0,0,0,0,0,0,0,0,0,0,0,0,0,0,0,0,0,0,0,0,0,0,0,0,0,0,0,3,1,2,5,10,13,36,15,7,6,2,4,4,19,34,10,1,1,1,2,4,4,2,0,1,3,2,1,6,8,21,146,65,15,23,60,7,8,2,3,3,3,4,2,1,3,2,2,0,0,0,0,0,0,0,0,0,0,0,0,0,0,0,0,2,5,3,44,28,3,3,1,1,1,0,0,0,0,0,0,3,6,63,9,7,1,5,3,2,5,2,9,65,7,6,3,11,57,25,16,9,6,4,3,3,5,8,14,117,110,6,7,2,6,0,2,1,4,3,57,8,25,54,1,2,0,3,3,56,154,11,2,11,12,6,1,3,81,2,6,4,4,3,113,10,5,1,2,2,1,0,2,0,0,1,1,1,1,1,1,0,0,0,0,0,0,0,0,0,0,0,0,0,0,0,0,0,0,0,0,0,0,0,0,0,0,0,0,0,0,0,0,0,0,0,0,0,0,0,0,0,0,0,0,0,0,0,0,3,3,0,4,3,6,7,54,40,7,7,7,1,3,3,3,0,0,0,0,0,0,0,0,0,0,0,0,0,0,0,0,2,2,4,1,3,5,2,12,33,68,16,4,7,8,65,41,0,0,0,0,0,0,0,0,0,0,0,0,0,0,0,0,0,0,0,0,0,0,0,0,0,0,0,0,0,0,0,0,0,0,0,0,0,0,0,0,0,0,0,0,0,0,0,0,0,0,0,0,0,0,0,0,0,0,0,0,0,0,0
89,0,0,0,0,0,0,0,0,0,0,0,0,0,0,0,0,13,1,2,4,9,4,7,42,120,107,87,22,4,12,7,2,1,1,1,1,0,0,0,0,0,0,0,0,0,0,0,0,5,1,1,14,34,60,28,4,4,1,10,5,4,9,52,52,3,3,3,3,2,2,0,0,0,0,0,0,0,0,0,0,2,2,2,1,1,1,0,0,0,0,2,2,4,6,10,13,54,10,9,5,6,2,2,0,0,0,1,1,1,1,1,1,0,0,0,0,0,0,0,0,0,0,0,0,0,0,0,0,0,0,0,0,0,0,0,0,0,0,0,0,0,0,0,0,0,0,0,0,0,0,0,0,0,0,0,0,0,0,0,0,0,0,0,0,0,0,0,0,0,0,0,0,0,0,0,0,0,0,0,0,0,0,0,0,0,0,0,0,0,0,0,0,0,0,0,0,0,0,0,0,0,0,0,0,0,0,0,0,0,0,0,0,0,0,0,0,0,0,0,0,0,0,0,0,0,0,0,0,0,0,0,0,0,0,0,0,0,0,0,0,0,0,0,0,0,0,0,0,0,0,0,0,0,0,0,0,0,0,0,0,0,0,0,0,0,0,0,0,0,0,0,0,0,0,0,0,0,0,0,0,0,0,0,0,0,0,0,0,0,0,0,0,0,0,0,0,0,0,0,0,0,0,0,0,1,1,0,1,1,2,2,2,4,1,7,8,14,68,26,16,1,1,1,1,1,1,1,1,0,0,0,0,0,0,0,0,0,0,0,0,0,0,0,0,0,0,0,0,0,0,0,0,0,0,0,0,0,0,0,0,0,0,0,0,0,0,0,0,0,0,0,0,0,0,0,0,0,0,0,0,0,0,0,0,0,0,0,0,0,0,0,0,0,0,0,0,0,0,0
90,170,174,148,130,182,198,210,238,246,239,196,172,130,134,225,255,255,226,173,89,90,154,179,126,101,88,104,87,145,193,189,206,108,113,172,161,98,25,32,122,208,251,252,229,197,169,153,148,199,201,169,106,78,96,134,183,149,87,20,23,75,116,121,90,91,125,154,162,106,72,113,120,60,25,53,94,105,90,46,90,87,40,30,64,19,27,95,36,24,99,157,100,93,8,33,104,165,194,120,20,4,5,50,65,105,47,78,7,81,69,189,227,121,123,179,35,24,109,123,21,115,74,58,8,39,93,99,21,7,69,56,19,92,9,24,95,12,11,89,110,140,24,26,132,98,117,113,50,102,70,82,84,100,15,47,198,144,125,110,23,34,152,123,119,106,110,119,26,74,149,94,12,98,32,166,45,92,148,192,81,71,111,180,44,93,94,47,130,116,12,102,9,7,2,9,4,9,83,48,1,7,80,148,115,20,86,14,128,125,116,15,118,13,118,113,16,5,117,9,54,9,55,22,93,119,95,86,34,3,7,4,119,1,2,1,2,82,46,119,10,125,5,123,11,3,7,81,7,82,124,27,97,83,6,68,114,5,3,7,9,76,81,14,62,12,100,8,11,111,39,99,114,7,12,105,24,76,45,14,93,16,29,116,118,110,49,32,2,29,98,85,101,29,88,81,42,81,28,43,58,26,48,21,52,114,25,7,15,31,19,19,47,73,41,70,42,12,11,74,98,32,17,10,21,63,17,14,37,87,115,127,113,34,18,42,43,45,56,63,30,3,3,12,34,40,30,50,101,129,65,22,5,6,4,5,10,18,37,44,28,19,7,13,13,9,17,29,57,42,22,45,47,59,98,47,36,25,23,13,31,57,67,14,9,19,37,35,3,6,1,23,53,24,10,23,41,41,22,60
91,0,0,0,0,0,0,0,0,0,0,0,0,0,0,0,0,0,0,0,0,0,0,0,0,0,0,0,0,0,0,0,0,0,0,0,0,0,0,0,0,0,0,0,0,0,0,0,0,0,0,0,0,0,0,0,0,0,0,0,0,0,0,0,0,0,0,0,0,0,0,0,0,0,0,0,0,0,0,0,0,0,0,0,0,0,0,0,0,0,0,0,0,0,0,0,0,0,0,0,0,0,0,0,0,0,0,0,0,0,0,0,0,0,0,0,0,0,0,0,0,0,0,0,0,0,0,0,0,0,0,0,0,0,0,0,0,0,0,0,0,0,0,0,0,0,0,0,0,0,0,0,0,0,0,0,0,0,0,0,0,0,0,0,0,0,0,0,0,0,0,0,0,0,0,0,0,0,0,0,0,0,0,0,0,0,0,0,0,0,0,0,0,0,0,0,0,0,0,0,0,0,0,0,0,0,0,0,0,0,0,0,0,0,0,0,0,0,0,0,0,0,0,0,0,0,0,0,0,0,0,0,0,0,0,0,0,0,0,0,0,0,0,0,0,0,0,0,0,0,0,0,0,0,0,0,0,0,0,0,0,0,0,0,0,0,0,0,0,0,0,0,0,0,0,0,0,0,0,0,0,0,0,0,0,0,0,0,0,5,56,194,119,23,5,14,4,2,4,2,8,6,3,2,11,2,2,6,4,1,3,2,4,8,12,5,7,4,13,42,117,165,58,16,4,3,12,8,4,6,5,2,2,3,4,3,7,0,0,0,0,0,0,0,0,0,0,0,0,0,0,0,0,0,0,0,0,0,0,0,0,0,0,0,0,0,0,0,0,0,0,0,0,0,0,0,0,0,0,0,0,0,0,0,0,4,2,1,1,2,3,3,3,1,8,30,76,107,125,152
92,211,146,44,9,43,147,190,125,25,6,2,12,7,1,3,5,26,3,8,62,194,196,89,11,5,4,8,4,29,104,143,104,4,2,3,2,2,2,1,1,1,1,1,5,12,20,30,35,180,102,36,65,135,122,42,1,3,19,6,3,1,7,7,1,0,0,0,0,0,0,0,0,0,0,0,0,1,1,1,1,5,16,100,214,230,181,46,13,7,6,6,4,8,14,4,4,4,3,5,10,15,65,125,19,10,5,2,1,2,1,2,2,0,0,0,0,0,0,0,0,0,0,0,0,0,0,0,0,2,1,12,9,3,4,4,5,8,23,176,63,14,8,11,2,1,1,0,0,0,2,2,2,3,1,5,5,86,19,5,7,3,1,1,1,1,0,0,1,1,5,2,36,73,4,5,6,0,0,0,0,0,0,0,0,0,0,0,0,0,0,0,0,0,0,0,0,0,0,0,0,0,0,0,0,1,1,1,1,5,5,111,4,2,2,1,1,3,71,43,1,1,0,2,0,0,0,0,0,0,2,2,2,2,1,1,0,5,1,2,119,8,2,2,1,2,2,74,51,3,2,1,1,1,2,4,5,93,217,71,7,7,7,3,14,25,186,157,28,117,7,6,4,6,1,7,7,4,9,21,132,94,19,10,4,10,5,1,8,10,14,14,26,182,53,10,17,10,7,5,3,3,2,2,5,1,0,0,1,1,1,1,2,7,5,6,11,18,80,62,76,25,103,169,79,17,7,13,15,39,95,105,91,37,7,2,4,1,1,1,1,0,0,0,0,0,0,0,0,0,0,0,0,0,0,0,0,0,0,0,0,0,0,0,0,0,0,0,0,5,3,3,3,4,7,5,3,5,2,11,36,84,37,10,5,1,1,1,1,0,0,0,0,0,0,0,0,0,0,0
93,0,0,0,0,0,0,0,0,0,0,0,0,0,0,0,0,0,0,0,0,0,0,0,0,0,0,0,0,0,0,0,0,0,0,0,0,0,0,0,0,0,0,0,0,0,0,0,0,0,0,0,0,0,0,0,0,0,0,0,0,0,0,0,0,0,0,0,0,0,0,0,0,0,0,0,0,0,0,0,0,0,0,0,0,0,0,0,0,0,0,0,0,0,0,0,0,0,0,0,0,0,0,0,0,0,0,0,0,0,0,0,0,0,0,0,0,0,0,0,0,0,0,0,0,0,0,0,0,0,0,0,0,0,0,0,0,0,0,0,0,0,0,0,0,0,0,0,0,0,0,0,0,0,0,0,0,0,0,0,0,0,0,0,0,0,0,0,0,0,0,0,0,0,0,0,0,0,0,0,0,0,0,0,0,0,0,0,0,0,0,0,0,0,0,0,0,0,0,0,0,0,0,0,0,0,0,0,0,0,0,0,0,0,0,0,0,0,0,0,0,0,0,0,0,0,0,0,0,0,0,0,0,0,0,0,0,0,0,0,0,0,0,0,0,0,0,0,0,0,0,0,0,0,0,0,0,0,0,0,0,0,0,0,0,0,0,0,0,0,0,0,0,0,0,0,0,0,0,0,0,0,0,0,0,0,0,0,0,0,0,0,0,0,0,0,0,0,0,0,0,0,0,0,0,0,0,0,0,0,0,0,0,0,0,0,0,0,0,0,0,0,0,0,0,0,0,0,0,0,0,0,0,0,0,0,0,0,0,0,0,0,0,0,0,0,0,0,0,0,0,0,0,0,0,0,0,0,0,0,0,0,0,0,0,0,0,0,0,0,0,0,0,0,0,0,0,0,0,0,0,0,0,0,0,0,0,0,0,0,0,0,0,0,0,0,0,0,0,0
94,4,2,0,7,5,3,2,4,17,5,4,14,110,210,239,239,176,226,255,255,251,255,246,197,90,24,45,130,180,163,153,100,5,27,102,202,249,244,186,74,16,1,2,4,1,3,4,14,87,128,112,51,23,75,139,115,32,8,6,18,21,1,3,3,0,0,0,0,0,0,0,0,0,0,0,0,0,0,0,0,0,0,0,0,0,0,0,0,0,0,0,0,1,1,1,1,15,34,135,192,48,4,9,10,1,7,1,7,4,3,1,4,0,0,0,0,0,0,0,0,0,0,0,0,0,0,0,0,10,14,20,25,164,180,23,13,1,9,4,11,13,1,4,1,0,0,0,0,0,0,0,0,0,0,0,0,0,0,0,0,1,2,1,7,9,2,4,4,8,25,167,183,27,7,11,4,4,9,7,5,2,8,15,7,32,204,136,12,5,4,1,17,3,1,7,8,2,1,6,4,64,234,244,231,22,18,207,248,221,81,12,11,9,129,220,33,6,10,2,3,5,17,6,3,7,3,1,7,5,54,235,108,8,16,16,4,12,189,178,16,17,3,3,14,28,7,89,230,70,7,11,3,3,13,2,5,3,4,4,7,5,4,12,14,5,19,186,180,31,40,202,136,4,2,1,1,2,2,0,0,0,0,0,0,0,0,0,0,9,4,13,14,11,25,177,155,35,6,5,1,7,12,10,1,8,5,10,16,31,118,164,56,13,5,7,6,4,4,2,9,5,2,4,4,6,8,4,26,83,152,94,29,33,91,164,165,24,9,13,68,177,198,179,76,13,5,3,4,10,42,127,141,15,15,11,10,9,15,71,130,87,19,4,7,9,7,2,1,3,3,8,5,8,66,115,78,22,8,7,3,3,5,2,11,7,35,97,135,129,86,28,4,8,6,2,2,2,1,4
95,0,0,0,0,0,0,0,0,0,0,0,0,0,0,0,0,0,0,0,0,0,0,0,0,0,0,0,0,0,0,0,0,6,27,75,112,119,100,144,146,70,18,1,1,2,2,1,6,0,0,0,0,0,0,0,0,0,0,0,0,0,0,0,0,0,0,0,0,0,0,0,0,0,0,0,0,0,0,0,0,0,0,0,0,0,0,0,0,0,0,0,0,0,0,0,0,0,0,0,0,0,0,0,0,0,0,0,0,0,0,0,0,0,0,0,0,0,0,0,0,0,0,0,0,0,0,0,0,0,0,0,0,0,0,0,0,0,0,0,0,0,0,0,0,0,0,0,0,0,0,0,0,0,0,0,0,0,0,0,0,0,0,0,0,0,0,0,0,0,0,0,0,0,0,0,0,0,0,0,0,0,0,0,0,0,0,0,0,0,0,0,0,0,0,0,0,0,0,0,0,0,0,0,0,0,0,0,0,0,0,0,0,0,0,0,0,0,0,0,0,0,0,0,0,0,0,0,0,0,0,0,0,0,0,0,0,0,0,0,0,0,0,0,0,0,0,0,0,0,0,0,0,0,0,0,0,0,0,0,0,0,0,0,0,0,0,0,0,0,0,0,0,0,0,0,0,0,0,0,0,0,0,0,0,0,0,0,0,0,0,0,0,0,0,0,0,0,0,0,0,0,0,0,0,0,0,0,0,0,0,0,0,0,0,0,0,0,0,0,0,0,0,0,0,0,0,0,0,0,0,0,0,0,0,0,0,0,0,0,0,0,0,0,0,0,0,0,0,0,0,0,0,0,0,0,0,0,0,0,0,0,0,0,0,0,0,0,0,0,0,0,0,0,0,0,0,0,0,0,0,0,0,0,0,0,0,0,0,0,0,0,0,0,0,0,0,0,0,0
96,28,112,187,191,206,187,197,155,63,14,7,8,1,20,86,168,192,172,102,48,23,2,5,3,5,8,20,68,149,128,48,5,0,22,56,113,127,89,92,132,116,64,39,86,171,195,174,113,24,7,5,3,7,5,6,4,11,19,45,119,191,205,151,64,6,5,5,3,3,1,1,1,1,1,1,3,3,5,5,6,42,129,137,60,22,3,6,4,14,9,2,3,1,4,4,1,0,0,0,0,0,0,0,0,0,0,0,0,0,0,0,0,0,0,0,0,0,0,0,0,0,0,0,0,0,0,0,0,0,0,0,0,0,0,0,0,0,0,0,0,0,0,0,0,0,0,0,0,0,0,0,0,0,0,0,0,0,0,0,0,0,0,0,0,0,0,0,0,0,0,0,0,0,0,0,0,0,0,0,0,0,0,0,0,0,0,0,0,0,0,0,0,0,0,0,0,0,0,0,0,0,0,0,0,0,0,0,0,0,0,0,0,0,0,0,0,0,0,0,0,0,0,0,0,0,0,0,0,0,0,0,0,0,0,0,0,0,0,0,0,5,4,1,3,1,11,6,73,218,88,17,16,6,3,3,10,4,6,3,12,4,36,228,143,16,6,5,8,2,12,6,8,3,12,5,35,186,176,24,10,6,9,7,6,5,1,1,2,8,1,4,1,3,4,4,6,12,1,7,10,58,183,117,27,4,3,5,10,10,5,3,7,4,7,11,9,5,23,82,169,86,33,14,3,2,6,4,6,7,4,2,5,4,5,12,19,99,142,91,25,3,24,92,133,76,25,6,9,11,5,6,5,5,39,117,123,82,100,114,86,117,137,104,128,127,104,132,94,12,19,11,5,11,19,80,124,71,12,6,2,0,4,2,5,0,0,0,0,0,0,0,0,0,0,0,0,0,0,0
97,0,0,0,0,0,0,0,0,0,0,0,0,0,0,0,0,0,0,0,0,0,0,0,0,0,0,0,0,0,0,0,0,1,2,2,4,12,11,1,1,1,5,7,1,3,31,94,156,234,167,79,25,6,9,4,52,121,152,71,5,9,30,134,182,29,21,13,9,2,1,1,2,1,1,3,5,3,1,1,2,0,0,0,0,0,0,0,0,0,0,0,0,0,0,0,0,0,0,0,0,0,0,0,0,0,0,0,0,0,0,0,0,0,0,0,0,0,0,0,0,0,0,0,0,0,0,0,0,0,0,0,0,0,0,0,0,0,0,0,0,0,0,0,0,12,2,4,3,8,12,4,7,2,14,10,7,40,183,146,44,173,197,183,195,38,9,3,2,8,30,163,177,25,8,11,7,14,3,7,13,7,3,5,5,13,9,119,223,161,19,2,8,14,16,138,215,42,0,8,4,3,12,5,5,1,5,4,6,3,10,8,42,222,122,14,16,9,4,1,11,16,5,145,228,21,11,17,15,185,191,9,21,15,3,4,1,12,11,0,2,0,0,0,0,0,0,0,0,1,0,0,1,1,0,2,7,189,172,20,11,12,8,1,2,1,6,6,4,2,2,3,10,0,0,0,0,0,0,0,0,0,0,0,0,0,0,0,0,0,0,0,0,0,0,0,0,0,0,0,0,0,0,0,0,0,0,0,0,0,0,0,0,0,0,0,0,0,0,0,0,0,0,0,0,0,0,0,0,0,0,0,0,0,0,0,0,0,0,0,0,0,0,0,0,0,0,0,0,0,0,0,0,0,0,0,0,0,0,0,0,0,0,0,0,0,0,0,0,0,0,0,0,0,0,0,0,0,0,0,0,0,0,0,0,0,0,0,0,0,0,0,0,0,0,0,0,0,0,0
98,4,1,1,5,9,2,3,1,6,6,6,31,99,158,87,23,1,1,3,5,6,5,3,1,1,1,0,4,10,14,22,33,164,119,36,12,5,7,0,1,2,2,21,89,165,163,80,2,0,0,0,0,0,0,0,0,0,0,0,0,0,0,0,0,0,0,0,0,0,0,0,0,0,0,0,0,0,0,0,0,0,0,0,0,0,0,0,0,0,0,0,0,0,0,0,0,0,0,0,0,0,0,0,0,0,0,0,0,0,0,0,0,0,0,0,0,0,0,0,0,0,0,0,0,0,0,0,0,0,0,0,0,0,0,0,0,0,0,0,0,0,0,0,0,7,4,5,2,10,11,0,5,9,10,10,9,41,195,218,187,20,12,25,136,185,47,14,5,5,7,4,1,3,2,2,5,2,5,4,4,10,7,11,7,5,8,10,11,93,214,86,10,2,1,1,0,0,0,0,0,1,1,1,1,0,0,0,0,0,0,0,0,0,0,0,0,0,0,0,0,0,0,0,0,5,1,3,2,13,2,15,148,223,15,3,4,3,2,2,12,0,0,0,0,0,0,0,0,0,0,0,0,0,0,0,0,0,0,0,0,0,0,0,0,0,0,0,0,0,0,0,0,0,0,0,0,0,0,0,0,0,0,0,0,0,0,0,0,0,0,0,0,0,0,0,0,0,0,0,0,0,0,0,0,0,0,0,0,0,0,0,0,0,0,0,0,0,0,0,0,0,0,0,0,0,0,0,0,0,0,0,0,0,0,0,0,0,0,1,3,3,3,1,1,2,2,1,1,4,8,17,25,182,176,124,43,3,3,33,99,122,61,16,3,4,6,3,3,0,0,0,0,0,0,0,0,0,0,0,0,0,0,0,0,5,4,6,35,96,106,35,2,2,8,5,5,5,3,6
99,0,0,0,0,0,0,0,0,0,0,0,0,0,0,0,0,0,0,0,0,0,0,0,0,0,0,0,0,0,0,0,0,0,0,0,0,0,0,0,0,0,0,0,0,0,0,0,0,0,0,0,0,0,0,0,0,0,0,0,0,0,0,0,0,0,0,0,0,0,0,0,0,0,0,0,0,0,0,0,0,0,0,0,0,0,0,0,0,0,0,0,0,0,0,0,0,0,0,0,0,0,0,0,0,0,0,0,0,0,0,0,0,0,0,0,0,0,0,0,0,0,0,0,0,0,0,0,0,0,0,0,0,0,0,0,0,0,0,0,0,0,0,0,0,0,0,0,0,0,0,0,0,0,0,0,0,0,0,0,0,0,0,0,0,0,0,0,0,0,0,0,0,0,0,0,0,0,0,0,0,0,0,0,0,0,0,0,0,0,0,0,0,0,0,0,0,0,0,0,0,0,0,0,0,0,0,0,0,0,0,0,0,0,0,0,0,0,0,0,0,0,0,0,0,0,0,0,0,0,0,0,0,0,0,0,0,0,0,0,0,0,0,0,0,0,0,0,0,0,0,0,0,0,0,0,0,0,0,0,0,0,0,0,0,0,0,0,0,0,0,0,0,0,0,0,0,0,0,0,0,0,0,0,0,0,0,0,0,0,0,0,0,0,0,0,0,0,0,0,0,0,0,0,0,0,0,0,0,0,0,0,0,0,0,0,0,0,0,0,0,0,0,0,0,0,0,0,0,0,0,0,0,0,0,0,0,0,0,0,0,0,0,0,0,0,0,0,0,0,0,0,0,0,0,0,0,0,0,0,0,0,0,0,0,0,0,0,0,0,0,0,0,0,0,0,0,0,0,0,0,0,0,0,0,0,0,0,0,0,0,0,0,0,0,0,0,0,0,0
